ds,trend,yhat_lower,yhat_upper,trend_lower,trend_upper,additive_terms,additive_terms_lower,additive_terms_upper,weekly,weekly_lower,weekly_upper,yearly,yearly_lower,yearly_upper,multiplicative_terms,multiplicative_terms_lower,multiplicative_terms_upper,yhat
2024-01-01,4.51796692,-0.4444091400842127,7.532644887691651,4.51796692,4.51796692,-0.812996037488637,-0.812996037488637,-0.812996037488637,-0.373585424504903,-0.373585424504903,-0.373585424504903,-0.4394106129837339,-0.4394106129837339,-0.4394106129837339,0.0,0.0,0.0,3.704970882511363
2024-01-02,4.5182137355479455,0.18725708493364646,7.913330010864612,4.5182137355479455,4.5182137355479455,-0.26625616001629215,-0.26625616001629215,-0.26625616001629215,0.19878758658761625,0.19878758658761625,0.19878758658761625,-0.46504374660390835,-0.46504374660390835,-0.46504374660390835,0.0,0.0,0.0,4.251957575531653
2024-01-04,4.518707366643836,0.08051308093741913,8.022263798578965,4.518707366643836,4.518707366643836,-0.46254139081239226,-0.46254139081239226,-0.46254139081239226,0.029265968519718032,0.029265968519718032,0.029265968519718032,-0.4918073593321103,-0.4918073593321103,-0.4918073593321103,0.0,0.0,0.0,4.056165975831444
2024-01-05,4.518954182191781,0.11627065477986477,7.876117476517165,4.518954182191781,4.518954182191781,-0.44677341134072146,-0.44677341134072146,-0.44677341134072146,0.04889230766185795,0.04889230766185795,0.04889230766185795,-0.4956657190025794,-0.4956657190025794,-0.4956657190025794,0.0,0.0,0.0,4.072180770851059
2024-01-06,4.519200997739726,0.37578985213667665,7.627663156734719,4.519200997739726,4.519200997739726,-0.5746756993208055,-0.5746756993208055,-0.5746756993208055,-0.0794390140628334,-0.0794390140628334,-0.0794390140628334,-0.4952366852579722,-0.4952366852579722,-0.4952366852579722,0.0,0.0,0.0,3.9445252984189203
2024-01-09,4.519941444383561,0.5759421880000756,8.396105302266648,4.519941444383561,4.519941444383561,-0.28599292221628586,-0.28599292221628586,-0.28599292221628586,0.1987875865877055,0.1987875865877055,0.1987875865877055,-0.48478050880399143,-0.48478050880399143,-0.48478050880399143,0.0,0.0,0.0,4.2339485221672755
2024-01-10,4.520188259931507,0.585392299108925,8.019879483837284,4.520188259931507,4.520188259931507,-0.3162354817593451,-0.3162354817593451,-0.3162354817593451,0.167397759886542,0.167397759886542,0.167397759886542,-0.4836332416458871,-0.4836332416458871,-0.4836332416458871,0.0,0.0,0.0,4.2039527781721615
2024-01-13,4.520928706575342,0.07725219344453872,7.625754029291908,4.520928706575342,4.520928706575342,-0.5859457414251567,-0.5859457414251567,-0.5859457414251567,-0.07943901406282834,-0.07943901406282834,-0.07943901406282834,-0.5065067273623284,-0.5065067273623284,-0.5065067273623284,0.0,0.0,0.0,3.9349829651501853
2024-01-14,4.521175522123287,0.22520177770820815,7.7455354078461465,4.521175522123287,4.521175522123287,-0.5174547034600976,-0.5174547034600976,-0.5174547034600976,0.008680815911864908,0.008680815911864908,0.008680815911864908,-0.5261355193719625,-0.5261355193719625,-0.5261355193719625,0.0,0.0,0.0,4.00372081866319
2024-01-15,4.521422337671233,-0.36836774416734436,7.284003866806499,4.521422337671233,4.521422337671233,-0.9262877671162744,-0.9262877671162744,-0.9262877671162744,-0.3735854245051563,-0.3735854245051563,-0.3735854245051563,-0.5527023426111181,-0.5527023426111181,-0.5527023426111181,0.0,0.0,0.0,3.595134570554958
2024-01-16,4.521669153219178,0.3217209590137851,7.692245198325151,4.521669153219178,4.521669153219178,-0.387519885407133,-0.387519885407133,-0.387519885407133,0.19878758658779486,0.19878758658779486,0.19878758658779486,-0.5863074719949278,-0.5863074719949278,-0.5863074719949278,0.0,0.0,0.0,4.134149267812045
2024-01-17,4.521915968767123,0.24311944245135728,8.00159530698761,4.521915968767123,4.521915968767123,-0.45932695939666174,-0.45932695939666174,-0.45932695939666174,0.16739775988569555,0.16739775988569555,0.16739775988569555,-0.6267247192823573,-0.6267247192823573,-0.6267247192823573,0.0,0.0,0.0,4.062589009370462
2024-01-18,4.522162784315068,-0.10807556423024069,7.809885569813975,4.522162784315068,4.522162784315068,-0.6441345308902766,-0.6441345308902766,-0.6441345308902766,0.029265968520031688,0.029265968520031688,0.029265968520031688,-0.6734004994103083,-0.6734004994103083,-0.6734004994103083,0.0,0.0,0.0,3.878028253424791
2024-01-20,4.5226564154109585,0.04751516369610737,7.485684269031795,4.5226564154109585,4.5226564154109585,-0.8611777339224559,-0.8611777339224559,-0.8611777339224559,-0.07943901406301919,-0.07943901406301919,-0.07943901406301919,-0.7817387198594367,-0.7817387198594367,-0.7817387198594367,0.0,0.0,0.0,3.6614786814885028
2024-01-21,4.522903230958904,0.0744312536090645,7.498079483666867,4.522903230958904,4.522903230958904,-0.8321030320432149,-0.8321030320432149,-0.8321030320432149,0.008680815911967977,0.008680815911967977,0.008680815911967977,-0.840783847955183,-0.840783847955183,-0.840783847955183,0.0,0.0,0.0,3.690800198915689
2024-01-22,4.523150046506849,-0.5582624446739461,7.196278675828419,4.523150046506849,4.523150046506849,-1.2745021832206582,-1.2745021832206582,-1.2745021832206582,-0.3735854245049878,-0.3735854245049878,-0.3735854245049878,-0.9009167587156706,-0.9009167587156706,-0.9009167587156706,0.0,0.0,0.0,3.248647863286191
2024-01-23,4.523396862054795,-0.09601240360809782,7.518038707390343,4.523396862054795,4.523396862054795,-0.7614762452360565,-0.7614762452360565,-0.7614762452360565,0.19878758658859869,0.19878758658859869,0.19878758658859869,-0.9602638318246552,-0.9602638318246552,-0.9602638318246552,0.0,0.0,0.0,3.7619206168187382
2024-01-26,4.52413730869863,-0.41823807941979196,7.071118651470837,4.52413730869863,4.52413730869863,-1.0641736921286404,-1.0641736921286404,-1.0641736921286404,0.048892307660729106,0.048892307660729106,0.048892307660729106,-1.1130659997893695,-1.1130659997893695,-1.1130659997893695,0.0,0.0,0.0,3.4599636165699894
2024-01-27,4.5243841243205045,-0.6172621516640504,6.9444162417079385,4.5243841243205045,4.5243841243205045,-1.227996483968452,-1.227996483968452,-1.227996483968452,-0.07943901406321002,-0.07943901406321002,-0.07943901406321002,-1.148557469905242,-1.148557469905242,-1.148557469905242,0.0,0.0,0.0,3.2963876403520525
2024-01-28,4.52463093994238,-0.5155054318523042,7.295064552031937,4.52463093994238,4.52463093994238,-1.1642534615635791,-1.1642534615635791,-1.1642534615635791,0.00868081591161306,0.00868081591161306,0.00868081591161306,-1.172934277475192,-1.172934277475192,-1.172934277475192,0.0,0.0,0.0,3.360377478378801
2024-01-29,4.524877755564256,-0.8964121652083368,6.59087195656289,4.524877755564256,4.524877755564256,-1.5579490645212053,-1.5579490645212053,-1.5579490645212053,-0.37358542450540955,-0.37358542450540955,-0.37358542450540955,-1.1843636400157957,-1.1843636400157957,-1.1843636400157957,0.0,0.0,0.0,2.9669286910430506
2024-02-02,4.525865018051755,-0.29182724893979095,7.425963946527858,4.525865018051755,4.525865018051755,-1.0238274366601972,-1.0238274366601972,-1.0238274366601972,0.04889230766101954,0.04889230766101954,0.04889230766101954,-1.0727197443212166,-1.0727197443212166,-1.0727197443212166,0.0,0.0,0.0,3.502037581391558
2024-02-04,4.5263586492955055,0.0013882745854042321,7.843824320758145,4.5263586492955055,4.5263586492955055,-0.9036462689136143,-0.9036462689136143,-0.9036462689136143,0.008680815912467837,0.008680815912467837,0.008680815912467837,-0.912327084826082,-0.912327084826082,-0.912327084826082,0.0,0.0,0.0,3.6227123803818913
2024-02-05,4.526605464917381,-0.20813059211452567,7.304272329581911,4.526605464917381,4.526605464917381,-1.1797976709080862,-1.1797976709080862,-1.1797976709080862,-0.3735854245055105,-0.3735854245055105,-0.3735854245055105,-0.8062122464025755,-0.8062122464025755,-0.8062122464025755,0.0,0.0,0.0,3.346807794009295
2024-02-06,4.526852280539256,0.4451533460193819,7.6584586055166035,4.526852280539256,4.526852280539256,-0.48525238731286713,-0.48525238731286713,-0.48525238731286713,0.19878758658949186,0.19878758658949186,0.19878758658949186,-0.684039973902359,-0.684039973902359,-0.684039973902359,0.0,0.0,0.0,4.041599893226389
2024-02-07,4.527099096161131,0.4613175166513697,7.692551159189132,4.527099096161131,4.527099096161131,-0.3798606379098985,-0.3798606379098985,-0.3798606379098985,0.1673977598865414,0.1673977598865414,0.1673977598865414,-0.5472583977964399,-0.5472583977964399,-0.5472583977964399,0.0,0.0,0.0,4.147238458251233
2024-02-08,4.527345911783007,0.7328385087560672,8.021566651851913,4.527345911783007,4.527345911783007,-0.3684527825285434,-0.3684527825285434,-0.3684527825285434,0.029265968519638454,0.029265968519638454,0.029265968519638454,-0.3977187510481819,-0.3977187510481819,-0.3977187510481819,0.0,0.0,0.0,4.158893129254463
2024-02-10,4.527839543026756,0.7668481917062345,8.139694990373448,4.527839543026756,4.527839543026756,-0.14902653535148028,-0.14902653535148028,-0.14902653535148028,-0.07943901406222753,-0.07943901406222753,-0.07943901406222753,-0.06958752128925275,-0.06958752128925275,-0.06958752128925275,0.0,0.0,0.0,4.378813007675276
2024-02-11,4.528086358648632,0.6642832372750436,8.702678279729591,4.528086358648632,4.528086358648632,0.1122987920323272,0.1122987920323272,0.1122987920323272,0.008680815912341884,0.008680815912341884,0.008680815912341884,0.10361797611998531,0.10361797611998531,0.10361797611998531,0.0,0.0,0.0,4.640385150680959
2024-02-13,4.528579989892382,1.6527106057104322,9.000458163150801,4.528579989892382,4.528579989892382,0.6518946481183397,0.6518946481183397,0.6518946481183397,0.19878758658958112,0.19878758658958112,0.19878758658958112,0.4531070615287585,0.4531070615287585,0.4531070615287585,0.0,0.0,0.0,5.180474638010722
2024-02-14,4.528826805514257,1.4843064220334352,9.174857491876741,4.528826805514257,4.528826805514257,0.7902872900017319,0.7902872900017319,0.7902872900017319,0.16739775988569502,0.16739775988569502,0.16739775988569502,0.622889530116037,0.622889530116037,0.622889530116037,0.0,0.0,0.0,5.319114095515989
2024-02-15,4.529073621136132,1.6448853537601622,8.892365845335803,4.529073621136132,4.529073621136132,0.8142299415515887,0.8142299415515887,0.8142299415515887,0.02926596851923525,0.02926596851923525,0.02926596851923525,0.7849639730323534,0.7849639730323534,0.7849639730323534,0.0,0.0,0.0,5.343303562687721
2024-02-16,4.529320436758008,1.6742709354175882,9.717630846319153,4.529320436758008,4.529320436758008,0.9849865623570228,0.9849865623570228,0.9849865623570228,0.04889230766025451,0.04889230766025451,0.04889230766025451,0.9360942546967682,0.9360942546967682,0.9360942546967682,0.0,0.0,0.0,5.51430699911503
2024-02-17,4.5295672523798824,1.781530252700935,9.369651964178987,4.5295672523798824,4.5295672523798824,0.9937474440778594,0.9937474440778594,0.9937474440778594,-0.07943901406241838,-0.07943901406241838,-0.07943901406241838,1.0731864581402777,1.0731864581402777,1.0731864581402777,0.0,0.0,0.0,5.523314696457742
2024-02-18,4.529814068001758,1.9477453981055877,9.519384645873759,4.529814068001758,4.529814068001758,1.2020435838336778,1.2020435838336778,1.2020435838336778,0.008680815912215931,0.008680815912215931,0.008680815912215931,1.193362767921462,1.193362767921462,1.193362767921462,0.0,0.0,0.0,5.731857651835436
2024-02-19,4.530060883677167,1.6662833967748267,9.518816188619908,4.530060883677167,4.530060883677167,0.9204460364418334,0.9204460364418334,0.9204460364418334,-0.37358542450517346,-0.37358542450517346,-0.37358542450517346,1.2940314609470067,1.2940314609470067,1.2940314609470067,0.0,0.0,0.0,5.450506920119
2024-02-20,4.5303076993525755,2.613691379195237,9.686659147865894,4.5303076993525755,4.5303076993525755,1.571738822370935,1.571738822370935,1.571738822370935,0.19878758658828283,0.19878758658828283,0.19878758658828283,1.372951235782652,1.372951235782652,1.372951235782652,0.0,0.0,0.0,6.10204652172351
2024-02-21,4.530554515027984,2.3482386983323793,10.05638066461401,4.530554515027984,4.530554515027984,1.5956859973966693,1.5956859973966693,1.5956859973966693,0.1673977598848486,0.1673977598848486,0.1673977598848486,1.4282882375118207,1.4282882375118207,1.4282882375118207,0.0,0.0,0.0,6.126240512424653
2024-02-22,4.530801330703393,2.2278271457831478,9.818178444040885,4.530801330703393,4.530801330703393,1.487930272785602,1.487930272785602,1.487930272785602,0.029265968519952112,0.029265968519952112,0.029265968519952112,1.4586643042656502,1.4586643042656502,1.4586643042656502,0.0,0.0,0.0,6.018731603488995
2024-02-23,4.531048146378803,2.4485484816023546,9.961139865835182,4.531048146378803,4.531048146378803,1.5120874766890784,1.5120874766890784,1.5120874766890784,0.04889230766154512,0.04889230766154512,0.04889230766154512,1.4631951690275333,1.4631951690275333,1.4631951690275333,0.0,0.0,0.0,6.043135623067881
2024-02-24,4.531294962054211,2.2888820077852063,9.470645226007708,4.531294962054211,4.531294962054211,1.362078576991609,1.362078576991609,1.362078576991609,-0.0794390140626092,-0.0794390140626092,-0.0794390140626092,1.4415175910542184,1.4415175910542184,1.4415175910542184,0.0,0.0,0.0,5.89337353904582
2024-02-27,4.532035409080438,2.2724625790451314,9.869700949041754,4.532035409080438,4.532035409080438,1.4224398916264653,1.4224398916264653,1.4224398916264653,0.19878758658908668,0.19878758658908668,0.19878758658908668,1.2236523050373787,1.2236523050373787,1.2236523050373787,0.0,0.0,0.0,5.954475300706903
2024-02-28,4.532282224755846,1.7337942950790433,9.633790973317515,4.532282224755846,4.532282224755846,1.2716033297673368,1.2716033297673368,1.2716033297673368,0.16739775988636924,0.16739775988636924,0.16739775988636924,1.1042055698809676,1.1042055698809676,1.1042055698809676,0.0,0.0,0.0,5.803885554523183
2024-02-29,4.532529040431255,1.852734910809027,9.441988143611951,4.532529040431255,4.532529040431255,0.9939193658742704,0.9939193658742704,0.9939193658742704,0.029265968519548907,0.029265968519548907,0.029265968519548907,0.9646533973547216,0.9646533973547216,0.9646533973547216,0.0,0.0,0.0,5.5264484063055255
2024-03-02,4.533022671782073,1.3213051399624005,8.867407564388746,4.533022671782073,4.533022671782073,0.5567860001394542,0.5567860001394542,0.5567860001394542,-0.07943901406260415,-0.07943901406260415,-0.07943901406260415,0.6362250142020583,0.6362250142020583,0.6362250142020583,0.0,0.0,0.0,5.089808671921528
2024-03-03,4.533269487457482,1.157342527631777,8.753763588105738,4.533269487457482,4.533269487457482,0.4623985646276046,0.4623985646276046,0.4623985646276046,0.008680815912944754,0.008680815912944754,0.008680815912944754,0.45371774871465986,0.45371774871465986,0.45371774871465986,0.0,0.0,0.0,4.995668052085087
2024-03-05,4.5337631188083,0.7955029319125357,8.640466422296614,4.5337631188083,4.5337631188083,0.26872535409588255,0.26872535409588255,0.26872535409588255,0.19878758658846138,0.19878758658846138,0.19878758658846138,0.06993776750742117,0.06993776750742117,0.06993776750742117,0.0,0.0,0.0,4.802488472904182
2024-03-06,4.534009934483708,0.8861737781543357,8.040851624167898,4.534009934483708,4.534009934483708,0.04362920468594775,0.04362920468594775,0.04362920468594775,0.1673977598875591,0.1673977598875591,0.1673977598875591,-0.12376855520161134,-0.12376855520161134,-0.12376855520161134,0.0,0.0,0.0,4.577639139169656
2024-03-08,4.534503565834526,0.08992770553057512,8.212413172260293,4.534503565834526,4.534503565834526,-0.44688814677943745,-0.44688814677943745,-0.44688814677943745,0.048892307661125914,0.048892307661125914,0.048892307661125914,-0.49578045444056335,-0.49578045444056335,-0.49578045444056335,0.0,0.0,0.0,4.087615419055089
2024-03-09,4.534750381509935,0.09795919154066712,7.542313809095511,4.534750381509935,4.534750381509935,-0.7462106916426862,-0.7462106916426862,-0.7462106916426862,-0.0794390140621129,-0.0794390140621129,-0.0794390140621129,-0.6667716775805733,-0.6667716775805733,-0.6667716775805733,0.0,0.0,0.0,3.7885396898672483
2024-03-12,4.535490828536163,-0.06703453894199475,7.410490011407755,4.535490828536163,4.535490828536163,-0.8820483518607232,-0.8820483518607232,-0.8820483518607232,0.19878758658926526,0.19878758658926526,0.19878758658926526,-1.0808359384499884,-1.0808359384499884,-1.0808359384499884,0.0,0.0,0.0,3.6534424766754396
2024-03-15,4.536231275562388,-0.44209001638691625,7.100573881711189,4.536231275562388,4.536231275562388,-1.2472016945478843,-1.2472016945478843,-1.2472016945478843,0.048892307660416245,0.048892307660416245,0.048892307660416245,-1.2960940022083005,-1.2960940022083005,-1.2960940022083005,0.0,0.0,0.0,3.2890295810145034
2024-03-16,4.536478091356732,-0.5745817375024708,7.146878206717303,4.536478091356732,4.536478091356732,-1.3962885227976751,-1.3962885227976751,-1.3962885227976751,-0.07943901406298584,-0.07943901406298584,-0.07943901406298584,-1.3168495087346892,-1.3168495087346892,-1.3168495087346892,0.0,0.0,0.0,3.1401895685590566
2024-03-21,4.5377121703284535,-0.15116416446260367,7.274283279272958,4.5377121703284535,4.5377121703284535,-1.014301268309444,-1.014301268309444,-1.014301268309444,0.029265968520275736,0.029265968520275736,0.029265968520275736,-1.0435672368297197,-1.0435672368297197,-1.0435672368297197,0.0,0.0,0.0,3.52341090201901
2024-03-26,4.538946249300175,0.9223632627655931,8.280517733920258,4.538946249300175,4.538946249300175,-0.1081511182967709,-0.1081511182967709,-0.1081511182967709,0.19878758659015844,0.19878758659015844,0.19878758659015844,-0.3069387048869293,-0.3069387048869293,-0.3069387048869293,0.0,0.0,0.0,4.430795131003404
2024-03-28,4.539439880888864,1.0055933761032072,8.210917237681649,4.539439880888864,4.539439880888864,0.06620915160368482,0.06620915160368482,0.06620915160368482,0.02926596851875247,0.02926596851875247,0.02926596851875247,0.03694318308493235,0.03694318308493235,0.03694318308493235,0.0,0.0,0.0,4.605649032492549
2024-03-29,4.539686696683209,0.9259519629160704,8.77351334956584,4.539686696683209,4.539686696683209,0.25496135846484064,0.25496135846484064,0.25496135846484064,0.04889230766065134,0.04889230766065134,0.04889230766065134,0.20606905080418927,0.20606905080418927,0.20606905080418927,0.0,0.0,0.0,4.794648055148049
2024-04-01,4.540427144066242,1.1236085775227171,8.638460184251741,4.540427144066242,4.540427144066242,0.2915732994454994,0.2915732994454994,0.2915732994454994,-0.3735854245052916,-0.3735854245052916,-0.3735854245052916,0.665158723950791,0.665158723950791,0.665158723950791,0.0,0.0,0.0,4.832000443511741
2024-04-03,4.54092077565493,1.7102954549658547,9.527610344981918,4.54092077565493,4.54092077565493,1.0728558641901924,1.0728558641901924,1.0728558641901924,0.1673977598855223,0.1673977598855223,0.1673977598855223,0.9054581043046702,0.9054581043046702,0.9054581043046702,0.0,0.0,0.0,5.613776639845122
2024-04-04,4.541167591449274,1.982948238297186,9.092899900836475,4.541167591449274,4.541167591449274,1.0293751294855533,1.0293751294855533,1.0293751294855533,0.02926596851946933,0.02926596851946933,0.02926596851946933,1.0001091609660842,1.0001091609660842,1.0001091609660842,0.0,0.0,0.0,5.570542720934828
2024-04-05,4.541414407243618,1.8212690929610789,9.408042009806646,4.541414407243618,4.541414407243618,1.12506070092718,1.12506070092718,1.12506070092718,0.04889230766094179,0.04889230766094179,0.04889230766094179,1.0761683932662383,1.0761683932662383,1.0761683932662383,0.0,0.0,0.0,5.666475108170798
2024-04-06,4.541661223037963,1.6123641710270897,9.200824376626997,4.541661223037963,4.541661223037963,1.053563251922446,1.053563251922446,1.053563251922446,-0.07943901406268035,-0.07943901406268035,-0.07943901406268035,1.1330022659851264,1.1330022659851264,1.1330022659851264,0.0,0.0,0.0,5.595224474960409
2024-04-07,4.541908038832307,2.0462055283227287,9.328396438083457,4.541908038832307,4.541908038832307,1.179111323311802,1.179111323311802,1.179111323311802,0.008680815911857064,0.008680815911857064,0.008680815911857064,1.1704305073999448,1.1704305073999448,1.1704305073999448,0.0,0.0,0.0,5.721019362144109
2024-04-08,4.542154854626652,1.5895550182499716,9.293970429892052,4.542154854626652,4.542154854626652,0.8151316288883166,0.8151316288883166,0.8151316288883166,-0.37358542450485355,-0.37358542450485355,-0.37358542450485355,1.1887170533931701,1.1887170533931701,1.1887170533931701,0.0,0.0,0.0,5.357286483514969
2024-04-09,4.542401670420996,1.851536817366981,9.59269603711684,4.542401670420996,4.542401670420996,1.3873380902244816,1.3873380902244816,1.3873380902244816,0.19878758658823478,0.19878758658823478,0.19878758658823478,1.188550503636247,1.188550503636247,1.188550503636247,0.0,0.0,0.0,5.929739760645478
2024-04-10,4.54264848621534,2.1919225134219227,9.771712911308244,4.54264848621534,4.54264848621534,1.3384125347317646,1.3384125347317646,1.3384125347317646,0.1673977598867121,0.1673977598867121,0.1673977598867121,1.1710147748450523,1.1710147748450523,1.1710147748450523,0.0,0.0,0.0,5.881061020947104
2024-04-12,4.543142117804028,1.5964959318914893,9.360478808698621,4.543142117804028,4.543142117804028,1.1388031968734638,1.1388031968734638,1.1388031968734638,0.04889230766123225,0.04889230766123225,0.04889230766123225,1.0899108892122316,1.0899108892122316,1.0899108892122316,0.0,0.0,0.0,5.681945314677492
2024-04-13,4.543388933598374,1.8004740584040504,9.158442824874777,4.543388933598374,4.543388933598374,0.9506665706527251,0.9506665706527251,0.9506665706527251,-0.07943901406287121,-0.07943901406287121,-0.07943901406287121,1.0301055847155962,1.0301055847155962,1.0301055847155962,0.0,0.0,0.0,5.494055504251099
2024-04-15,4.5438825651870625,1.2928182012236962,9.133112612824506,4.5438825651870625,4.5438825651870625,0.5094016098047346,0.5094016098047346,0.5094016098047346,-0.3735854245049546,-0.3735854245049546,-0.3735854245049546,0.8829870343096892,0.8829870343096892,0.8829870343096892,0.0,0.0,0.0,5.053284174991797
2024-04-16,4.544129381170563,1.7244920499821867,9.395868045999872,4.544129381170563,4.544129381170563,0.9992432280095068,0.9992432280095068,0.9992432280095068,0.19878758658832407,0.19878758658832407,0.19878758658832407,0.8004556414211826,0.8004556414211826,0.8004556414211826,0.0,0.0,0.0,5.543372609180071
2024-04-17,4.544376197154065,1.5292767147848731,9.207816921883587,4.544376197154065,4.544376197154065,0.8825945303108849,0.8825945303108849,0.8825945303108849,0.16739775988586567,0.16739775988586567,0.16739775988586567,0.7151967704250191,0.7151967704250191,0.7151967704250191,0.0,0.0,0.0,5.42697072746495
2024-04-21,4.545363461088069,0.9420055315223088,8.735966978868536,4.545363461088069,4.545363461088069,0.4015883545660076,0.4015883545660076,0.4015883545660076,0.008680815912585887,0.008680815912585887,0.008680815912585887,0.3929075386534217,0.3929075386534217,0.3929075386534217,0.0,0.0,0.0,4.946951815654077
2024-04-22,4.54561027707157,0.34046345205424156,8.354660147224555,4.54561027707157,4.54561027707157,-0.04652909767639835,-0.04652909767639835,-0.04652909767639835,-0.37358542450505544,-0.37358542450505544,-0.37358542450505544,0.3270563268286571,0.3270563268286571,0.3270563268286571,0.0,0.0,0.0,4.499081179395172
2024-04-23,4.545857093055072,1.4088979449875756,8.938992106149373,4.545857093055072,4.545857093055072,0.469053579936889,0.469053579936889,0.469053579936889,0.19878758658912793,0.19878758658912793,0.19878758658912793,0.2702659933477611,0.2702659933477611,0.2702659933477611,0.0,0.0,0.0,5.014910672991961
2024-04-25,4.546350725022075,0.919354071759888,8.427257855375496,4.546350725022075,4.546350725022075,0.2170829381867772,0.2170829381867772,0.2170829381867772,0.02926596852131622,0.02926596852131622,0.02926596852131622,0.187816969665461,0.187816969665461,0.187816969665461,0.0,0.0,0.0,4.763433663208852
2024-04-26,4.546597541005576,1.1365422822148705,8.488893264795655,4.546597541005576,4.546597541005576,0.2121922846425293,0.2121922846425293,0.2121922846425293,0.04889230766046722,0.04889230766046722,0.04889230766046722,0.16329997698206206,0.16329997698206206,0.16329997698206206,0.0,0.0,0.0,4.758789825648105
2024-04-27,4.546844356989077,1.0031039157598824,8.4151096569111,4.546844356989077,4.546844356989077,0.07068089128879161,0.07068089128879161,0.07068089128879161,-0.0794390140632529,-0.0794390140632529,-0.0794390140632529,0.1501199053520445,0.1501199053520445,0.1501199053520445,0.0,0.0,0.0,4.617525248277868
2024-04-29,4.5473379889560785,0.2702526470183533,8.251727832290536,4.5473379889560785,4.5473379889560785,-0.21717539671954272,-0.21717539671954272,-0.21717539671954272,-0.37358542450520776,-0.37358542450520776,-0.37358542450520776,0.15641002778566507,0.15641002778566507,0.15641002778566507,0.0,0.0,0.0,4.330162592236536
2024-04-30,4.5475848049395795,1.2220113948783662,9.16029356387066,4.5475848049395795,4.5475848049395795,0.37324025593540033,0.37324025593540033,0.37324025593540033,0.19878758658782958,0.19878758658782958,0.19878758658782958,0.17445266934757073,0.17445266934757073,0.17445266934757073,0.0,0.0,0.0,4.9208250608749795
2024-05-01,4.547831620923081,1.4668925833183657,8.66203911228327,4.547831620923081,4.547831620923081,0.36843357524996645,0.36843357524996645,0.36843357524996645,0.16739775988620909,0.16739775988620909,0.16739775988620909,0.2010358153637574,0.2010358153637574,0.2010358153637574,0.0,0.0,0.0,4.916265196173048
2024-05-02,4.548078436906582,0.9980504614664111,8.75500894155775,4.548078436906582,4.548078436906582,0.2641074339275511,0.2641074339275511,0.2641074339275511,0.029265968519792955,0.029265968519792955,0.029265968519792955,0.23484146540775813,0.23484146540775813,0.23484146540775813,0.0,0.0,0.0,4.812185870834133
2024-05-03,4.548325252890084,1.030388701123822,8.82024204958787,4.548325252890084,4.548325252890084,0.32327535151644354,0.32327535151644354,0.32327535151644354,0.04889230766175782,0.04889230766175782,0.04889230766175782,0.27438304385468576,0.27438304385468576,0.27438304385468576,0.0,0.0,0.0,4.871600604406527
2024-05-04,4.548572068873585,1.0326919868634525,8.588253527910272,4.548572068873585,4.548572068873585,0.23861320758753807,0.23861320758753807,0.23861320758753807,-0.07943901406276163,-0.07943901406276163,-0.07943901406276163,0.3180522216502997,0.3180522216502997,0.3180522216502997,0.0,0.0,0.0,4.787185276461123
2024-05-05,4.548818884857086,1.1048085138967016,8.571774242559457,4.548818884857086,4.548818884857086,0.3728486896444259,0.3728486896444259,0.3728486896444259,0.008680815912104988,0.008680815912104988,0.008680815912104988,0.3641678737323209,0.3641678737323209,0.3641678737323209,0.0,0.0,0.0,4.921667574501512
2024-05-06,4.549065700840588,0.5482788443754097,8.343516242235554,4.549065700840588,4.549065700840588,0.03744039626495935,0.03744039626495935,0.03744039626495935,-0.3735854245053087,-0.3735854245053087,-0.3735854245053087,0.41102582077026806,0.41102582077026806,0.41102582077026806,0.0,0.0,0.0,4.586506097105548
2024-05-07,4.549312516824089,1.4627814053588462,9.218398707784187,4.549312516824089,4.549312516824089,0.6557355963062527,0.6557355963062527,0.6557355963062527,0.1987875865886335,0.1987875865886335,0.1987875865886335,0.4569480097176192,0.4569480097176192,0.4569480097176192,0.0,0.0,0.0,5.205048113130341
2024-05-08,4.54955933279766,1.2852489553865358,9.314508333268073,4.54955933279766,4.54955933279766,0.6677275886761892,0.6677275886761892,0.6677275886761892,0.1673977598863808,0.1673977598863808,0.1673977598863808,0.5003298287898084,0.5003298287898084,0.5003298287898084,0.0,0.0,0.0,5.217286921473849
2024-05-09,4.54980614877123,1.376034602507411,8.99649382637835,4.54980614877123,4.54980614877123,0.5689502956666391,0.5689502956666391,0.5689502956666391,0.029265968520509812,0.029265968520509812,0.029265968520509812,0.5396843271461292,0.5396843271461292,0.5396843271461292,0.0,0.0,0.0,5.118756444437869
2024-05-10,4.5500529647448005,1.0989822980444282,9.004700206788371,4.5500529647448005,4.5500529647448005,0.6225745229233993,0.6225745229233993,0.6225745229233993,0.04889230766104818,0.04889230766104818,0.04889230766104818,0.5736822152623511,0.5736822152623511,0.5736822152623511,0.0,0.0,0.0,5.1726274876681995
2024-05-13,4.550793412665513,1.2524065756510325,8.445502989446876,4.550793412665513,4.550793412665513,0.25971045374588514,0.25971045374588514,0.25971045374588514,-0.3735854245048707,-0.3735854245048707,-0.3735854245048707,0.6332958782507558,0.6332958782507558,0.6332958782507558,0.0,0.0,0.0,4.810503866411398
2024-05-14,4.551040228639083,1.6254941478164775,9.181483713839766,4.551040228639083,4.551040228639083,0.8356015790164545,0.8356015790164545,0.8356015790164545,0.19878758658800819,0.19878758658800819,0.19878758658800819,0.6368139924284464,0.6368139924284464,0.6368139924284464,0.0,0.0,0.0,5.386641807655538
2024-05-15,4.551287044612653,1.7801492301632416,9.2097003729363,4.551287044612653,4.551287044612653,0.7990853991774343,0.7990853991774343,0.7990853991774343,0.16739775988553438,0.16739775988553438,0.16739775988553438,0.6316876392918999,0.6316876392918999,0.6316876392918999,0.0,0.0,0.0,5.3503724437900875
2024-05-16,4.551533860586224,1.5677551491485238,9.126715933914095,4.551533860586224,4.551533860586224,0.6472995769389395,0.6472995769389395,0.6472995769389395,0.029265968519802923,0.029265968519802923,0.029265968519802923,0.6180336084191367,0.6180336084191367,0.6180336084191367,0.0,0.0,0.0,5.198833437525163
2024-05-18,4.552027492533366,1.3269669032577662,9.03116288877053,4.552027492533366,4.552027492533366,0.4874465490776587,0.4874465490776587,0.4874465490776587,-0.07943901406226533,-0.07943901406226533,-0.07943901406226533,0.5668855631399241,0.5668855631399241,0.5668855631399241,0.0,0.0,0.0,5.039474041611024
2024-05-19,4.552274308506936,1.1143172839077133,8.974278403369025,4.552274308506936,4.552274308506936,0.5395319001014559,0.5395319001014559,0.5395319001014559,0.008680815911853141,0.008680815911853141,0.008680815911853141,0.5308510841896027,0.5308510841896027,0.5308510841896027,0.0,0.0,0.0,5.091806208608392
2024-05-21,4.552767940454077,1.430073366357935,8.999725821047761,4.552767940454077,4.552767940454077,0.641801006095054,0.641801006095054,0.641801006095054,0.1987875865888121,0.1987875865888121,0.1987875865888121,0.4430134195062419,0.4430134195062419,0.4430134195062419,0.0,0.0,0.0,5.194568946549131
2024-05-22,4.553014756427648,1.273954483705742,8.802564830737664,4.553014756427648,4.553014756427648,0.5611372001079562,0.5611372001079562,0.5611372001079562,0.16739775988603686,0.16739775988603686,0.16739775988603686,0.3937394402219193,0.3937394402219193,0.3937394402219193,0.0,0.0,0.0,5.114151956535604
2024-05-23,4.553261572401219,1.0258627395955968,8.582688339878576,4.553261572401219,4.553261572401219,0.37202149029090087,0.37202149029090087,0.37202149029090087,0.02926596852051978,0.02926596852051978,0.02926596852051978,0.3427555217703811,0.3427555217703811,0.3427555217703811,0.0,0.0,0.0,4.925283062692119
2024-05-24,4.553508388374789,0.8296728919674243,8.687192856982403,4.553508388374789,4.553508388374789,0.34041901569004446,0.34041901569004446,0.34041901569004446,0.048892307661629074,0.048892307661629074,0.048892307661629074,0.29152670802841535,0.29152670802841535,0.29152670802841535,0.0,0.0,0.0,4.893927404064834
2024-05-26,4.55400202032193,1.1164789727733757,8.581988874947589,4.55400202032193,4.55400202032193,0.20286284622894715,0.20286284622894715,0.20286284622894715,0.008680815912707888,0.008680815912707888,0.008680815912707888,0.19418203031623926,0.19418203031623926,0.19418203031623926,0.0,0.0,0.0,4.756864866550877
2024-05-27,4.554248836295501,0.3352978286085091,8.205061576788548,4.554248836295501,4.554248836295501,-0.22272523590061757,-0.22272523590061757,-0.22272523590061757,-0.37358542450539345,-0.37358542450539345,-0.37358542450539345,0.15086018860477587,0.15086018860477587,0.15086018860477587,0.0,0.0,0.0,4.331523600394883
2024-05-29,4.554742468242642,0.8074344243530618,8.519961459130307,4.554742468242642,4.554742468242642,0.24850621245581891,0.24850621245581891,0.24850621245581891,0.1673977598851904,0.1673977598851904,0.1673977598851904,0.08110845257062851,0.08110845257062851,0.08110845257062851,0.0,0.0,0.0,4.803248680698461
2024-05-30,4.554989284216211,0.6912705083661959,8.36943238115946,4.554989284216211,4.554989284216211,0.08595952667736446,0.08595952667736446,0.08595952667736446,0.02926596852011658,0.02926596852011658,0.02926596852011658,0.056693558157247886,0.056693558157247886,0.056693558157247886,0.0,0.0,0.0,4.640948810893576
2024-05-31,4.555236100179958,0.9414584901271433,8.70994714985916,4.555236100179958,4.555236100179958,0.08916562475141623,0.08916562475141623,0.08916562475141623,0.048892307660919405,0.048892307660919405,0.048892307660919405,0.04027331709049682,0.04027331709049682,0.04027331709049682,0.0,0.0,0.0,4.644401724931375
2024-06-01,4.5554829161437045,0.4336735177693376,8.383915474632548,4.5554829161437045,4.5554829161437045,-0.04709993396305976,-0.04709993396305976,-0.04709993396305976,-0.07943901406264703,-0.07943901406264703,-0.07943901406264703,0.03233908009958726,0.03233908009958726,0.03233908009958726,0.0,0.0,0.0,4.5083829821806445
2024-06-02,4.5557297321074515,0.8273617975872639,8.268022167818982,4.5557297321074515,4.5557297321074515,0.041826243798098406,0.041826243798098406,0.041826243798098406,0.008680815912581935,0.008680815912581935,0.008680815912581935,0.03314542788551647,0.03314542788551647,0.03314542788551647,0.0,0.0,0.0,4.59755597590555
2024-06-03,4.555976548071198,0.5077548317924545,7.783404810372771,4.555976548071198,4.555976548071198,-0.3308824711662714,-0.3308824711662714,-0.3308824711662714,-0.37358542450549437,-0.37358542450549437,-0.37358542450549437,0.04270295333922304,0.04270295333922304,0.04270295333922304,0.0,0.0,0.0,4.225094076904926
2024-06-05,4.5564701799986915,1.0816011514952775,8.837147219335325,4.5564701799986915,4.5564701799986915,0.25429335090028526,0.25429335090028526,0.25429335090028526,0.16739775988638028,0.16739775988638028,0.16739775988638028,0.08689559101390501,0.08689559101390501,0.08689559101390501,0.0,0.0,0.0,4.810763530898977
2024-06-06,4.556716995962438,0.875014510165691,8.618543007391212,4.556716995962438,4.556716995962438,0.1496224252181731,0.1496224252181731,0.1496224252181731,0.029265968519713376,0.029265968519713376,0.029265968519713376,0.12035645669845971,0.12035645669845971,0.12035645669845971,0.0,0.0,0.0,4.706339421180611
2024-06-08,4.55721062788993,1.2541057176830457,8.38882390225022,4.55721062788993,4.55721062788993,0.12603691697560596,0.12603691697560596,0.12603691697560596,-0.07943901406215574,-0.07943901406215574,-0.07943901406215574,0.2054759310377617,0.2054759310377617,0.2054759310377617,0.0,0.0,0.0,4.6832475448655355
2024-06-09,4.557457443853677,0.9424024863605862,8.599520669642647,4.557457443853677,4.557457443853677,0.26345952267997874,0.26345952267997874,0.26345952267997874,0.00868081591222699,0.00868081591222699,0.00868081591222699,0.2547787067677517,0.2547787067677517,0.2547787067677517,0.0,0.0,0.0,4.820916966533655
2024-06-10,4.557704259817423,0.7255744748186148,8.29046646370478,4.557704259817423,4.557704259817423,-0.06681418705539938,-0.06681418705539938,-0.06681418705539938,-0.37358542450532584,-0.37358542450532584,-0.37358542450532584,0.30677123744992646,0.30677123744992646,0.30677123744992646,0.0,0.0,0.0,4.490890072762023
2024-06-11,4.55795107578117,1.3644269519931356,8.712004341973199,4.55795107578117,4.55795107578117,0.558760589978198,0.558760589978198,0.558760589978198,0.19878758658979453,0.19878758658979453,0.19878758658979453,0.35997300338840343,0.35997300338840343,0.35997300338840343,0.0,0.0,0.0,5.116711665759368
2024-06-13,4.558444707708663,1.0477666712786182,8.969434518368198,4.558444707708663,4.558444707708663,0.49309737122355685,0.49309737122355685,0.49309737122355685,0.029265968519310175,0.029265968519310175,0.029265968519310175,0.4638314027042467,0.4638314027042467,0.4638314027042467,0.0,0.0,0.0,5.051542078932219
2024-06-15,4.558938339636156,1.1458910443996035,8.717500249492739,4.558938339636156,4.558938339636156,0.47459687007391643,0.47459687007391643,0.47459687007391643,-0.0794390140630287,-0.0794390140630287,-0.0794390140630287,0.5540358841369452,0.5540358841369452,0.5540358841369452,0.0,0.0,0.0,5.033535209710072
2024-06-17,4.559431971563649,0.7287407858812888,8.479323666182898,4.559431971563649,4.559431971563649,0.2455570012089443,0.2455570012089443,0.2455570012089443,-0.37358542450515736,-0.37358542450515736,-0.37358542450515736,0.6191424257141016,0.6191424257141016,0.6191424257141016,0.0,0.0,0.0,4.804988972772593
2024-06-18,4.559678787527396,1.3101688903138737,9.259863016989657,4.559678787527396,4.559678787527396,0.838007403921138,0.838007403921138,0.838007403921138,0.19878758658849616,0.19878758658849616,0.19878758658849616,0.639219817332642,0.639219817332642,0.639219817332642,0.0,0.0,0.0,5.397686191448534
2024-06-19,4.559925603491142,1.5999296346350558,9.275199950495365,4.559925603491142,4.559925603491142,0.8170736442538935,0.8170736442538935,0.8170736442538935,0.16739775988705452,0.16739775988705452,0.16739775988705452,0.6496758843668389,0.6496758843668389,0.6496758843668389,0.0,0.0,0.0,5.376999247745036
2024-06-20,4.560172419454889,1.3805400871108024,8.989306567987539,4.560172419454889,4.560172419454889,0.6790471745691032,0.6790471745691032,0.6790471745691032,0.029265968520027035,0.029265968520027035,0.029265968520027035,0.6497812060490763,0.6497812060490763,0.6497812060490763,0.0,0.0,0.0,5.239219594023992
2024-06-21,4.560419235418635,1.5414616051406593,9.05343382122263,4.560419235418635,4.560419235418635,0.6879191094353382,0.6879191094353382,0.6879191094353382,0.048892307660444834,0.048892307660444834,0.048892307660444834,0.6390268017748932,0.6390268017748932,0.6390268017748932,0.0,0.0,0.0,5.248338344853973
2024-06-22,4.560666051368054,1.152030926937209,8.728608885863892,4.560666051368054,4.560666051368054,0.5376970538834878,0.5376970538834878,0.5376970538834878,-0.07943901406253745,-0.07943901406253745,-0.07943901406253745,0.6171360679460253,0.6171360679460253,0.6171360679460253,0.0,0.0,0.0,5.098363105251542
2024-06-23,4.560912867317472,1.5710781436854233,8.891530355430122,4.560912867317472,4.560912867317472,0.5927521369825015,0.5927521369825015,0.5927521369825015,0.008680815912955843,0.008680815912955843,0.008680815912955843,0.5840713210695456,0.5840713210695456,0.5840713210695456,0.0,0.0,0.0,5.153665004299974
2024-06-24,4.56115968326689,1.2903713764399196,8.542519275988242,4.56115968326689,4.56115968326689,0.1664494575106907,0.1664494575106907,0.1664494575106907,-0.3735854245049888,-0.3735854245049888,-0.3735854245049888,0.5400348820156795,0.5400348820156795,0.5400348820156795,0.0,0.0,0.0,4.727609140777581
2024-06-27,4.561900131115145,1.3815544728215792,8.539631354497978,4.561900131115145,4.561900131115145,0.3768580323003876,0.3768580323003876,0.3768580323003876,0.029265968518503768,0.029265968518503768,0.029265968518503768,0.34759206378188384,0.34759206378188384,0.34759206378188384,0.0,0.0,0.0,4.938758163415533
2024-06-28,4.562146947064564,1.1404174883246394,8.448471477544457,4.562146947064564,4.562146947064564,0.31512659426889067,0.31512659426889067,0.31512659426889067,0.048892307660735296,0.048892307660735296,0.048892307660735296,0.26623428660815535,0.26623428660815535,0.26623428660815535,0.0,0.0,0.0,4.877273541333454
2024-06-29,4.562393763013982,0.766423630976101,8.302001228321641,4.562393763013982,4.562393763013982,0.09875166901852463,0.09875166901852463,0.09875166901852463,-0.07943901406321448,-0.07943901406321448,-0.07943901406321448,0.1781906830817391,0.1781906830817391,0.1781906830817391,0.0,0.0,0.0,4.661145432032507
2024-07-02,4.563134210862237,0.9470549790647468,8.483037589047436,4.563134210862237,4.563134210862237,0.08710073732602651,0.08710073732602651,0.08710073732602651,0.19878758658938933,0.19878758658938933,0.19878758658938933,-0.11168684926336284,-0.11168684926336284,-0.11168684926336284,0.0,0.0,0.0,4.650234948188263
2024-07-03,4.563381026811656,0.597075414696088,8.455099750408985,4.563381026811656,4.563381026811656,-0.044259848357433955,-0.044259848357433955,-0.044259848357433955,0.16739775988536162,0.16739775988536162,0.16739775988536162,-0.21165760824279556,-0.21165760824279556,-0.21165760824279556,0.0,0.0,0.0,4.519121178454221
2024-07-04,4.563627842761073,0.6920707529721232,8.07524256304662,4.563627842761073,4.563627842761073,-0.2813049743416439,-0.2813049743416439,-0.2813049743416439,0.029265968520037003,0.029265968520037003,0.029265968520037003,-0.3105709428616809,-0.3105709428616809,-0.3105709428616809,0.0,0.0,0.0,4.2823228684194286
2024-07-05,4.563874658710492,0.26193717042140174,8.1801764878859,4.563874658710492,4.563874658710492,-0.35789896339500965,-0.35789896339500965,-0.35789896339500965,0.04889230766102575,0.04889230766102575,0.04889230766102575,-0.40679127105603535,-0.40679127105603535,-0.40679127105603535,0.0,0.0,0.0,4.205975695315482
2024-07-06,4.564121474659911,0.33825185059663926,7.708706586862282,4.564121474659911,4.564121474659911,-0.5781688924111031,-0.5781688924111031,-0.5781688924111031,-0.07943901406272323,-0.07943901406272323,-0.07943901406272323,-0.4987298783483799,-0.4987298783483799,-0.4987298783483799,0.0,0.0,0.0,3.9859525822488076
2024-07-07,4.564368290609329,0.32461502856026997,8.052393022485209,4.564368290609329,4.564368290609329,-0.5761947684151517,-0.5761947684151517,-0.5761947684151517,0.008680815912474944,0.008680815912474944,0.008680815912474944,-0.5848755843276267,-0.5848755843276267,-0.5848755843276267,0.0,0.0,0.0,3.988173522194177
2024-07-08,4.564615106558747,-0.3811085697599524,7.482590628296981,4.564615106558747,4.564615106558747,-1.0374087701214367,-1.0374087701214367,-1.0374087701214367,-0.3735854245046517,-0.3735854245046517,-0.3735854245046517,-0.663823345616785,-0.663823345616785,-0.663823345616785,0.0,0.0,0.0,3.5272063364373096
2024-07-09,4.564861922508165,0.7180487700133252,7.49522193061745,4.564861922508165,4.564861922508165,-0.5355126677579369,-0.5355126677579369,-0.5355126677579369,0.19878758658737639,0.19878758658737639,0.19878758658737639,-0.7343002543453134,-0.7343002543453134,-0.7343002543453134,0.0,0.0,0.0,4.029349254750228
2024-07-10,4.5651087384575835,-0.051965303810268614,7.580367575466685,4.5651087384575835,4.5651087384575835,-0.6277907046292894,-0.6277907046292894,-0.6277907046292894,0.16739775988655148,0.16739775988655148,0.16739775988655148,-0.7951884645158409,-0.7951884645158409,-0.7951884645158409,0.0,0.0,0.0,3.9373180338282943
2024-07-12,4.5656023703564195,-0.3797075042279447,7.535663092550767,4.5656023703564195,4.5656023703564195,-0.8357234516737064,-0.8357234516737064,-0.8357234516737064,0.04889230766031611,0.04889230766031611,0.04889230766031611,-0.8846157593340226,-0.8846157593340226,-0.8846157593340226,0.0,0.0,0.0,3.7298789186827133
2024-07-13,4.565849186305838,-0.15373132242287407,7.310348177704369,4.565849186305838,4.565849186305838,-0.9912896710000069,-0.9912896710000069,-0.9912896710000069,-0.07943901406291407,-0.07943901406291407,-0.07943901406291407,-0.911850656937093,-0.911850656937093,-0.911850656937093,0.0,0.0,0.0,3.5745595153058316
2024-07-14,4.566096002254531,0.008677741657739584,7.436784800984917,4.566096002254531,4.566096002254531,-0.9182270426114972,-0.9182270426114972,-0.9182270426114972,0.008680815912120029,0.008680815912120029,0.008680815912120029,-0.9269078585236173,-0.9269078585236173,-0.9269078585236173,0.0,0.0,0.0,3.6478689596430334
2024-07-16,4.566589634151918,0.2014811329321912,7.584388314325114,4.566589634151918,4.566589634151918,-0.7214006712817733,-0.7214006712817733,-0.7214006712817733,0.19878758658746568,0.19878758658746568,0.19878758658746568,-0.9201882578692391,-0.9201882578692391,-0.9201882578692391,0.0,0.0,0.0,3.8451889628701448
2024-07-17,4.5668364501006105,-0.008562226304174124,7.7360670353866725,4.5668364501006105,4.5668364501006105,-0.731390115756707,-0.731390115756707,-0.731390115756707,0.16739775988570502,0.16739775988570502,0.16739775988570502,-0.8987878756424119,-0.8987878756424119,-0.8987878756424119,0.0,0.0,0.0,3.8354463343439034
2024-07-19,4.567330081997996,0.17340272971630596,7.750250337509885,4.567330081997996,4.567330081997996,-0.7734619359377773,-0.7734619359377773,-0.7734619359377773,0.04889230766160668,0.04889230766160668,0.04889230766160668,-0.822354243599384,-0.822354243599384,-0.822354243599384,0.0,0.0,0.0,3.793868146060219
2024-07-20,4.567576897946689,-0.06523443624337469,7.382412774146237,4.567576897946689,4.567576897946689,-0.8482932290990728,-0.8482932290990728,-0.8482932290990728,-0.07943901406290901,-0.07943901406290901,-0.07943901406290901,-0.7688542150361638,-0.7688542150361638,-0.7688542150361638,0.0,0.0,0.0,3.7192836688476163
2024-07-21,4.567823713895382,-0.0006492597121393998,7.76241286391759,4.567823713895382,4.567823713895382,-0.6977775891384655,-0.6977775891384655,-0.6977775891384655,0.008680815912223068,0.008680815912223068,0.008680815912223068,-0.7064584050506886,-0.7064584050506886,-0.7064584050506886,0.0,0.0,0.0,3.8700461247569162
2024-07-22,4.568070529844075,-0.15328808289751772,7.245116832928583,4.568070529844075,4.568070529844075,-1.0098962692836069,-1.0098962692836069,-1.0098962692836069,-0.37358542450517446,-0.37358542450517446,-0.37358542450517446,-0.6363108447784325,-0.6363108447784325,-0.6363108447784325,0.0,0.0,0.0,3.558174260560468
2024-07-24,4.568564161741461,0.37116878254465147,8.13021931784316,4.568564161741461,4.568564161741461,-0.31048234118362344,-0.31048234118362344,-0.31048234118362344,0.16739775988587677,0.16739775988587677,0.16739775988587677,-0.4778801010695002,-0.4778801010695002,-0.4778801010695002,0.0,0.0,0.0,4.258081820557838
2024-07-25,4.568810977690155,0.5634781912042606,7.841034212068202,4.568810977690155,4.568810977690155,-0.3630910204265761,-0.3630910204265761,-0.3630910204265761,0.02926596852106752,0.02926596852106752,0.02926596852106752,-0.3923569889476436,-0.3923569889476436,-0.3923569889476436,0.0,0.0,0.0,4.205719957263579
2024-07-26,4.569057793638847,0.6855405029196477,7.883926944065274,4.569057793638847,4.569057793638847,-0.2556603541450591,-0.2556603541450591,-0.2556603541450591,0.04889230766055121,0.04889230766055121,0.04889230766055121,-0.3045526618056103,-0.3045526618056103,-0.3045526618056103,0.0,0.0,0.0,4.313397439493788
2024-07-31,4.570291873382312,1.2081941603014843,8.53034799242482,4.570291873382312,4.570291873382312,0.28554409754205634,0.28554409754205634,0.28554409754205634,0.16739775988637923,0.16739775988637923,0.16739775988637923,0.11814633765567711,0.11814633765567711,0.11814633765567711,0.0,0.0,0.0,4.855835970924368
2024-08-01,4.570538689331006,1.0771809243341184,8.627616715240473,4.570538689331006,4.570538689331006,0.21923810126722817,0.21923810126722817,0.21923810126722817,0.02926596851954425,0.02926596851954425,0.02926596851954425,0.1899721327476839,0.1899721327476839,0.1899721327476839,0.0,0.0,0.0,4.789776790598234
2024-08-02,4.570785505279698,1.0114732167023281,8.632145691613847,4.570785505279698,4.570785505279698,0.3037020333950794,0.3037020333950794,0.3037020333950794,0.04889230766184179,0.04889230766184179,0.04889230766184179,0.25480972573323757,0.25480972573323757,0.25480972573323757,0.0,0.0,0.0,4.874487538674777
2024-08-03,4.571032321228391,1.232070135903846,8.479258132097153,4.571032321228391,4.571032321228391,0.23227907103674914,0.23227907103674914,0.23227907103674914,-0.0794390140626086,-0.0794390140626086,-0.0794390140626086,0.3117180850993577,0.3117180850993577,0.3117180850993577,0.0,0.0,0.0,4.80331139226514
2024-08-04,4.571279137177084,1.276949462944675,8.559258404695088,4.571279137177084,4.571279137177084,0.3685824144307879,0.3685824144307879,0.3685824144307879,0.008680815911742199,0.008680815911742199,0.008680815911742199,0.35990159851904563,0.35990159851904563,0.35990159851904563,0.0,0.0,0.0,4.939861551607871
2024-08-05,4.571525953125777,0.763445280354672,8.339185212407818,4.571525953125777,4.571525953125777,0.025135291696732592,0.025135291696732592,0.025135291696732592,-0.3735854245053764,-0.3735854245053764,-0.3735854245053764,0.39872071620210897,0.39872071620210897,0.39872071620210897,0.0,0.0,0.0,4.596661244822509
2024-08-07,4.572019585023162,1.653009704808348,9.103892273749556,4.572019585023162,4.572019585023162,0.6139307014777972,0.6139307014777972,0.6139307014777972,0.16739775988655095,0.16739775988655095,0.16739775988655095,0.4465329415912463,0.4465329415912463,0.4465329415912463,0.0,0.0,0.0,5.18595028650096
2024-08-09,4.572513216722508,1.049166473723453,8.955439649971158,4.572513216722508,4.572513216722508,0.5022860684972719,0.5022860684972719,0.5022860684972719,0.04889230766113212,0.04889230766113212,0.04889230766113212,0.45339376083613975,0.45339376083613975,0.45339376083613975,0.0,0.0,0.0,5.07479928521978
2024-08-10,4.572760032572181,1.3304843208907364,8.757162438282279,4.572760032572181,4.572760032572181,0.36222484392514676,0.36222484392514676,0.36222484392514676,-0.07943901406279945,-0.07943901406279945,-0.07943901406279945,0.4416638579879462,0.4416638579879462,0.4416638579879462,0.0,0.0,0.0,4.934984876497328
2024-08-11,4.573006848421853,1.0932561314357687,8.938792456846146,4.573006848421853,4.573006848421853,0.42894464156453677,0.42894464156453677,0.42894464156453677,0.008680815912596946,0.008680815912596946,0.008680815912596946,0.42026382565193987,0.42026382565193987,0.42026382565193987,0.0,0.0,0.0,5.00195148998639
2024-08-12,4.573253664271526,0.9395883394208979,8.535178403488318,4.573253664271526,4.573253664271526,0.01613134087495629,0.01613134087495629,0.01613134087495629,-0.37358542450525917,-0.37358542450525917,-0.37358542450525917,0.3897167653802155,0.3897167653802155,0.3897167653802155,0.0,0.0,0.0,4.589385005146482
2024-08-13,4.573500480121199,1.6047318750802997,9.102086359678173,4.573500480121199,4.573500480121199,0.5494777644225078,0.5494777644225078,0.5494777644225078,0.1987875865885374,0.1987875865885374,0.1987875865885374,0.35069017783397044,0.35069017783397044,0.35069017783397044,0.0,0.0,0.0,5.122978244543707
2024-08-14,4.573747295970872,1.2987403861333273,9.233628503816016,4.573747295970872,4.573747295970872,0.4713811333590378,0.4713811333590378,0.4713811333590378,0.1673977598857045,0.1673977598857045,0.1673977598857045,0.3039833734733334,0.3039833734733334,0.3039833734733334,0.0,0.0,0.0,5.0451284293299095
2024-08-16,4.574240927670217,1.314434217112289,8.592905972669705,4.574240927670217,4.574240927670217,0.24018863174349755,0.24018863174349755,0.24018863174349755,0.04889230766107675,0.04889230766107675,0.04889230766107675,0.19129632408242078,0.19129632408242078,0.19129632408242078,0.0,0.0,0.0,4.814429559413714
2024-08-17,4.574487743519889,0.7367354386317266,8.189918799759443,4.574487743519889,4.574487743519889,0.047995268815032945,0.047995268815032945,0.047995268815032945,-0.07943901406230822,-0.07943901406230822,-0.07943901406230822,0.12743428287734115,0.12743428287734115,0.12743428287734115,0.0,0.0,0.0,4.622483012334921
2024-08-18,4.5747345593695625,0.8713159366801168,8.617944908223748,4.5747345593695625,4.5747345593695625,0.06877244568094142,0.06877244568094142,0.06877244568094142,0.008680815912470993,0.008680815912470993,0.008680815912470993,0.06009162976847043,0.06009162976847043,0.06009162976847043,0.0,0.0,0.0,4.643507005050504
2024-08-20,4.575228191068907,0.9440404701373267,8.684918538203863,4.575228191068907,4.575228191068907,0.11861185808884286,0.11861185808884286,0.11861185808884286,0.1987875865893413,0.1987875865893413,0.1987875865893413,-0.08017572850049842,-0.08017572850049842,-0.08017572850049842,0.0,0.0,0.0,4.6938400491577505
2024-08-21,4.5754750069185794,1.1203073990347943,8.586261650709947,4.5754750069185794,4.5754750069185794,0.016765364498152725,0.016765364498152725,0.016765364498152725,0.16739775988587624,0.16739775988587624,0.16739775988587624,-0.1506323953877235,-0.1506323953877235,-0.1506323953877235,0.0,0.0,0.0,4.592240371416732
2024-08-23,4.575968638617925,0.48351981594697563,7.8656411483199085,4.575968638617925,4.575968638617925,-0.2372339886036136,-0.2372339886036136,-0.2372339886036136,0.048892307661367235,0.048892307661367235,0.048892307661367235,-0.2861262962649808,-0.2861262962649808,-0.2861262962649808,0.0,0.0,0.0,4.338734650014311
2024-08-24,4.576215454467598,0.2624082525537664,8.039110802301687,4.576215454467598,4.576215454467598,-0.42830430139765285,-0.42830430139765285,-0.42830430139765285,-0.07943901406318116,-0.07943901406318116,-0.07943901406318116,-0.34886528733447175,-0.34886528733447175,-0.34886528733447175,0.0,0.0,0.0,4.147911153069945
2024-08-25,4.57646227031727,0.5333740852439843,7.6914549696076655,4.57646227031727,4.57646227031727,-0.39816931979451686,-0.39816931979451686,-0.39816931979451686,0.008680815912116106,0.008680815912116106,0.008680815912116106,-0.406850135706633,-0.406850135706633,-0.406850135706633,0.0,0.0,0.0,4.178292950522753
2024-08-26,4.576709086166943,0.13799758365619086,7.493334608901976,4.576709086166943,4.576709086166943,-0.8327191831168178,-0.8327191831168178,-0.8327191831168178,-0.3735854245051916,-0.3735854245051916,-0.3735854245051916,-0.4591337586116262,-0.4591337586116262,-0.4591337586116262,0.0,0.0,0.0,3.7439899030501254
2024-08-27,4.576955902016615,0.5042181878224317,7.866210302813813,4.576955902016615,4.576955902016615,-0.30609261675210947,-0.30609261675210947,-0.30609261675210947,0.198787586588043,0.198787586588043,0.198787586588043,-0.5048802033401524,-0.5048802033401524,-0.5048802033401524,0.0,0.0,0.0,4.270863285264506
2024-08-28,4.577202717866289,0.7660661861037261,8.072318808812454,4.577202717866289,4.577202717866289,-0.375980952355474,-0.375980952355474,-0.375980952355474,0.16739775988502975,0.16739775988502975,0.16739775988502975,-0.5433787122405038,-0.5433787122405038,-0.5433787122405038,0.0,0.0,0.0,4.201221765510815
2024-08-29,4.5774495336921515,0.3351005961977675,7.952478656583985,4.5774495336921515,4.5774495336921515,-0.5447896434150131,-0.5447896434150131,-0.5447896434150131,0.029265968519867878,0.029265968519867878,0.029265968519867878,-0.574055611934881,-0.574055611934881,-0.574055611934881,0.0,0.0,0.0,4.032659890277138
2024-08-30,4.577696349518012,0.2564469419465387,8.141174990294388,4.577696349518012,4.577696349518012,-0.547591483147638,-0.547591483147638,-0.547591483147638,0.04889230766165768,0.04889230766165768,0.04889230766165768,-0.5964837908092956,-0.5964837908092956,-0.5964837908092956,0.0,0.0,0.0,4.030104866370374
2024-08-31,4.577943165343875,0.44414400188241376,7.574629245615729,4.577943165343875,4.577943165343875,-0.689828578197715,-0.689828578197715,-0.689828578197715,-0.07943901406268988,-0.07943901406268988,-0.07943901406268988,-0.6103895641350251,-0.6103895641350251,-0.6103895641350251,0.0,0.0,0.0,3.88811458714616
2024-09-02,4.578436796995598,0.08615782968098724,7.222027192551551,4.578436796995598,4.578436796995598,-0.9859133848842957,-0.9859133848842957,-0.9859133848842957,-0.37358542450529253,-0.37358542450529253,-0.37358542450529253,-0.6123279603790032,-0.6123279603790032,-0.6123279603790032,0.0,0.0,0.0,3.5925234121113028
2024-09-03,4.57868361282146,0.16233047930263753,7.87068236614602,4.57868361282146,4.57868361282146,-0.40181510173977064,-0.40181510173977064,-0.40181510173977064,0.19878758658813225,0.19878758658813225,0.19878758658813225,-0.6006026883279029,-0.6006026883279029,-0.6006026883279029,0.0,0.0,0.0,4.17686851108169
2024-09-06,4.579424060299045,0.08690262729256264,7.881907725793,4.579424060299045,4.579424060299045,-0.47038689333913736,-0.47038689333913736,-0.47038689333913736,0.04889230766094803,0.04889230766094803,0.04889230766094803,-0.5192792010000854,-0.5192792010000854,-0.5192792010000854,0.0,0.0,0.0,4.109037166959908
2024-09-08,4.579917691950769,0.3757653142520965,8.043448310359029,4.579917691950769,4.579917691950769,-0.4244883985895395,-0.4244883985895395,-0.4244883985895395,0.00868081591284487,0.00868081591284487,0.00868081591284487,-0.43316921450238444,-0.43316921450238444,-0.43316921450238444,0.0,0.0,0.0,4.155429293361229
2024-09-09,4.58016450777663,0.26934272364498907,7.747945547641824,4.58016450777663,4.58016450777663,-0.7566834260429867,-0.7566834260429867,-0.7566834260429867,-0.3735854245051241,-0.3735854245051241,-0.3735854245051241,-0.3830980015378626,-0.3830980015378626,-0.3830980015378626,0.0,0.0,0.0,3.823481081733644
2024-09-10,4.580411323602492,0.6214641080412625,8.464068725564916,4.580411323602492,4.580411323602492,-0.1308912737324162,-0.1308912737324162,-0.1308912737324162,0.19878758658822152,0.19878758658822152,0.19878758658822152,-0.3296788603206377,-0.3296788603206377,-0.3296788603206377,0.0,0.0,0.0,4.449520049870076
2024-09-11,4.580658139428354,0.5719030663012021,8.310407270231885,4.580658139428354,4.580658139428354,-0.10657616287202418,-0.10657616287202418,-0.10657616287202418,0.1673977598853732,0.1673977598853732,0.1673977598853732,-0.27397392275739735,-0.27397392275739735,-0.27397392275739735,0.0,0.0,0.0,4.47408197655633
2024-09-12,4.5809049552542165,0.5512837653217899,8.451418968776956,4.5809049552542165,4.5809049552542165,-0.18780530679203575,-0.18780530679203575,-0.18780530679203575,0.029265968519877845,0.029265968519877845,0.029265968519877845,-0.2170712753119136,-0.2170712753119136,-0.2170712753119136,0.0,0.0,0.0,4.393099648462181
2024-09-13,4.581151771080078,0.44314117238017375,8.318462092699749,4.581151771080078,4.581151771080078,-0.11117025236384735,-0.11117025236384735,-0.11117025236384735,0.04889230766023836,0.04889230766023836,0.04889230766023836,-0.1600625600240857,-0.1600625600240857,-0.1600625600240857,0.0,0.0,0.0,4.469981518716231
2024-09-14,4.58139858690594,0.7065323550719105,8.152518662575067,4.58139858690594,4.58139858690594,-0.18345951936868923,-0.18345951936868923,-0.18345951936868923,-0.07943901406287567,-0.07943901406287567,-0.07943901406287567,-0.10402050530581358,-0.10402050530581358,-0.10402050530581358,0.0,0.0,0.0,4.3979390675372505
2024-09-15,4.581645402731802,0.6941070935410814,8.268345666606411,4.581645402731802,4.581645402731802,-0.04129606245635538,-0.04129606245635538,-0.04129606245635538,0.00868081591294794,0.00868081591294794,0.00868081591294794,-0.04997687836930332,-0.04997687836930332,-0.04997687836930332,0.0,0.0,0.0,4.540349340275446
2024-09-16,4.581892218557663,0.5378536920560264,7.86516198361002,4.581892218557663,4.581892218557663,-0.3724867781967797,-0.3724867781967797,-0.3724867781967797,-0.3735854245049555,-0.3735854245049555,-0.3735854245049555,0.0010986463081757748,0.0010986463081757748,0.0010986463081757748,0.0,0.0,0.0,4.209405440360884
2024-09-17,4.582139034383525,0.9876114700319787,8.822777165068644,4.582139034383525,4.582139034383525,0.24710580382297517,0.24710580382297517,0.24710580382297517,0.19878758658902543,0.19878758658902543,0.19878758658902543,0.04831821723394976,0.04831821723394976,0.04831821723394976,0.0,0.0,0.0,4.8292448382065
2024-09-18,4.582385850209386,1.0562888035989009,8.687998233654497,4.582385850209386,4.582385850209386,0.2582914306456393,0.2582914306456393,0.2582914306456393,0.16739775988587569,0.16739775988587569,0.16739775988587569,0.09089367075976358,0.09089367075976358,0.09089367075976358,0.0,0.0,0.0,4.840677280855025
2024-09-19,4.582632665964652,0.7424813348642386,8.8686159530419,4.582632665964652,4.582632665964652,0.15741806811645354,0.15741806811645354,0.15741806811645354,0.029265968520594706,0.029265968520594706,0.029265968520594706,0.12815209959585883,0.12815209959585883,0.12815209959585883,0.0,0.0,0.0,4.740050734081105
2024-09-20,4.582879481719918,0.9945327908193615,8.604945094395122,4.582879481719918,4.582879481719918,0.2084410464925522,0.2084410464925522,0.2084410464925522,0.04889230766052882,0.04889230766052882,0.04889230766052882,0.1595487388320234,0.1595487388320234,0.1595487388320234,0.0,0.0,0.0,4.791320528212471
2024-09-21,4.583126297475184,1.1241294035081393,8.762662542367641,4.583126297475184,4.583126297475184,0.10523782508829722,0.10523782508829722,0.10523782508829722,-0.07943901406306653,-0.07943901406306653,-0.07943901406306653,0.18467683915136374,0.18467683915136374,0.18467683915136374,0.0,0.0,0.0,4.688364122563481
2024-09-23,4.5836199289857165,0.6488389220116907,8.066310645252997,4.5836199289857165,4.5836199289857165,-0.15835881227044457,-0.15835881227044457,-0.15835881227044457,-0.37358542450537724,-0.37358542450537724,-0.37358542450537724,0.2152266122349327,0.2152266122349327,0.2152266122349327,0.0,0.0,0.0,4.425261116715272
2024-09-24,4.583866744740982,1.4048628732281316,8.901225520243885,4.583866744740982,4.583866744740982,0.4193543702750685,0.4193543702750685,0.4193543702750685,0.19878758658982928,0.19878758658982928,0.19878758658982928,0.22056678368523924,0.22056678368523924,0.22056678368523924,0.0,0.0,0.0,5.003221115016051
2024-09-25,4.584113560496248,1.2050726884010892,9.05822627825187,4.584113560496248,4.584113560496248,0.3868686833204675,0.3868686833204675,0.3868686833204675,0.16739775988604738,0.16739775988604738,0.16739775988604738,0.21947092343442007,0.21947092343442007,0.21947092343442007,0.0,0.0,0.0,4.9709822438167155
2024-09-26,4.584360376251514,1.1381198809292379,8.69761439800196,4.584360376251514,4.584360376251514,0.24151682476349906,0.24151682476349906,0.24151682476349906,0.029265968519071442,0.029265968519071442,0.029265968519071442,0.2122508562444276,0.2122508562444276,0.2122508562444276,0.0,0.0,0.0,4.825877201015013
2024-09-27,4.58460719200678,0.9442926819949302,8.675096803296903,4.58460719200678,4.58460719200678,0.24823545255226573,0.24823545255226573,0.24823545255226573,0.048892307660819256,0.048892307660819256,0.048892307660819256,0.1993431448914465,0.1993431448914465,0.1993431448914465,0.0,0.0,0.0,4.832842644559046
2024-09-28,4.584854007762046,0.6744438849020178,8.791895169310012,4.584854007762046,4.584854007762046,0.10185601568197421,0.10185601568197421,0.10185601568197421,-0.07943901406257525,-0.07943901406257525,-0.07943901406257525,0.18129502974454947,0.18129502974454947,0.18129502974454947,0.0,0.0,0.0,4.686710023444021
2024-09-29,4.585100823517312,1.088804731028838,8.37311979828317,4.585100823517312,4.585100823517312,0.16742839835893866,0.16742839835893866,0.16742839835893866,0.00868081591246707,0.00868081591246707,0.00868081591246707,0.1587475824464716,0.1587475824464716,0.1587475824464716,0.0,0.0,0.0,4.752529221876251
2024-09-30,4.5853476392725785,0.6129752608256265,8.145043737002135,4.5853476392725785,4.5853476392725785,-0.2411689377646642,-0.2411689377646642,-0.2411689377646642,-0.37358542450547827,-0.37358542450547827,-0.37358542450547827,0.13241648674081408,0.13241648674081408,0.13241648674081408,0.0,0.0,0.0,4.344178701507914
2024-10-01,4.585594455027844,1.0314103448255039,8.691257410561166,4.585594455027844,4.585594455027844,0.30185851624942306,0.30185851624942306,0.30185851624942306,0.19878758658991857,0.19878758658991857,0.19878758658991857,0.1030709296595045,0.1030709296595045,0.1030709296595045,0.0,0.0,0.0,4.887452971277267
2024-10-03,4.586088086538377,0.9288791958547981,8.596232019285662,4.586088086538377,4.586088086538377,0.06781117079040805,0.06781117079040805,0.06781117079040805,0.0292659685197883,0.0292659685197883,0.0292659685197883,0.03854520227061974,0.03854520227061974,0.03854520227061974,0.0,0.0,0.0,4.653899257328785
2024-10-04,4.586334902293642,1.0146721743867528,8.402852683830048,4.586334902293642,4.586334902293642,0.05385795690092317,0.05385795690092317,0.05385795690092317,0.04889230766076393,0.04889230766076393,0.04889230766076393,0.004965649240159232,0.004965649240159232,0.004965649240159232,0.0,0.0,0.0,4.640192859194565
2024-10-05,4.586581718048908,0.8510604468606586,8.197987892366593,4.586581718048908,4.586581718048908,-0.10791234788270221,-0.10791234788270221,-0.10791234788270221,-0.07943901406208399,-0.07943901406208399,-0.07943901406208399,-0.02847333382061822,-0.02847333382061822,-0.02847333382061822,0.0,0.0,0.0,4.478669370166206
2024-10-06,4.586828533804174,0.6736712713010974,8.0008489629699,4.586828533804174,4.586828533804174,-0.05239683730997348,-0.05239683730997348,-0.05239683730997348,0.008680815912112155,0.008680815912112155,0.008680815912112155,-0.06107765322208564,-0.06107765322208564,-0.06107765322208564,0.0,0.0,0.0,4.534431696494201
2024-10-07,4.587075349559441,0.2429476340156613,7.962297684356994,4.587075349559441,4.587075349559441,-0.4658186878455936,-0.4658186878455936,-0.4658186878455936,-0.37358542450504023,-0.37358542450504023,-0.37358542450504023,-0.09223326334055333,-0.09223326334055333,-0.09223326334055333,0.0,0.0,0.0,4.121256661713848
2024-10-09,4.587568981258211,0.8548795554087288,8.302459749959015,4.587568981258211,4.587568981258211,0.01915246306177893,0.01915246306177893,0.01915246306177893,0.1673977598867216,0.1673977598867216,0.1673977598867216,-0.1482452968249427,-0.1482452968249427,-0.1482452968249427,0.0,0.0,0.0,4.60672144431999
2024-10-10,4.587815797107597,0.7673567420348032,8.21638619337546,4.587815797107597,4.587815797107597,-0.14315172538271767,-0.14315172538271767,-0.14315172538271767,0.029265968519385097,0.029265968519385097,0.029265968519385097,-0.17241769390210276,-0.17241769390210276,-0.17241769390210276,0.0,0.0,0.0,4.444664071724879
2024-10-11,4.588062612956982,0.7292610942140713,8.418628859601087,4.588062612956982,4.588062612956982,-0.14490016338007794,-0.14490016338007794,-0.14490016338007794,0.04889230766005425,0.04889230766005425,0.04889230766005425,-0.1937924710401322,-0.1937924710401322,-0.1937924710401322,0.0,0.0,0.0,4.443162449576904
2024-10-12,4.588309428806368,0.7253929429645963,7.9562041971172635,4.588309428806368,4.588309428806368,-0.29179542125654195,-0.29179542125654195,-0.29179542125654195,-0.07943901406276103,-0.07943901406276103,-0.07943901406276103,-0.21235640719378093,-0.21235640719378093,-0.21235640719378093,0.0,0.0,0.0,4.296514007549826
2024-10-14,4.588803060505138,0.24577230922246604,7.648642248564688,4.588803060505138,4.588803060505138,-0.615253754466734,-0.615253754466734,-0.615253754466734,-0.3735854245051412,-0.3735854245051412,-0.3735854245051412,-0.24166832996159282,-0.24166832996159282,-0.24166832996159282,0.0,0.0,0.0,3.973549306038404
2024-10-15,4.589049876354523,0.9075100580081531,8.312632113129547,4.589049876354523,4.589049876354523,-0.05425344177405687,-0.05425344177405687,-0.05425344177405687,0.19878758658870951,0.19878758658870951,0.19878758658870951,-0.2530410283627664,-0.2530410283627664,-0.2530410283627664,0.0,0.0,0.0,4.534796434580467
2024-10-16,4.589296692203909,0.5469584564286897,8.225932569702495,4.589296692203909,4.589296692203909,-0.09543273090487943,-0.09543273090487943,-0.09543273090487943,0.1673977598868933,0.1673977598868933,0.1673977598868933,-0.26283049079177273,-0.26283049079177273,-0.26283049079177273,0.0,0.0,0.0,4.49386396129903
2024-10-19,4.590037139752065,0.4349688464736351,8.079106093618632,4.590037139752065,4.590037139752065,-0.36820329287334275,-0.36820329287334275,-0.36820329287334275,-0.07943901406363399,-0.07943901406363399,-0.07943901406363399,-0.2887642788097088,-0.2887642788097088,-0.2887642788097088,0.0,0.0,0.0,4.221833846878722
2024-10-20,4.590283955601451,0.37429558576789357,8.087990236134672,4.590283955601451,4.590283955601451,-0.28986956126957203,-0.28986956126957203,-0.28986956126957203,0.008680815912840948,0.008680815912840948,0.008680815912840948,-0.298550377182413,-0.298550377182413,-0.298550377182413,0.0,0.0,0.0,4.300414394331879
2024-10-21,4.590530771450836,0.16851719917746558,7.790806963936624,4.590530771450836,4.590530771450836,-0.6836811945653372,-0.6836811945653372,-0.6836811945653372,-0.3735854245049726,-0.3735854245049726,-0.3735854245049726,-0.3100957700603645,-0.3100957700603645,-0.3100957700603645,0.0,0.0,0.0,3.9068495768854987
2024-10-22,4.590777587300222,0.7493309129366605,8.188432177951876,4.590777587300222,4.590777587300222,-0.1252969771075936,-0.1252969771075936,-0.1252969771075936,0.1987875865887988,0.1987875865887988,0.1987875865887988,-0.32408456369639244,-0.32408456369639244,-0.32408456369639244,0.0,0.0,0.0,4.465480610192628
2024-10-24,4.591271218998992,0.41424561479199806,8.165064338303205,4.591271218998992,4.591271218998992,-0.3325474988156077,-0.3325474988156077,-0.3325474988156077,0.029265968519698756,0.029265968519698756,0.029265968519698756,-0.36181346733530645,-0.36181346733530645,-0.36181346733530645,0.0,0.0,0.0,4.258723720183385
2024-10-25,4.591518034848377,0.5269445666336783,8.073629540667897,4.591518034848377,4.591518034848377,-0.3376356824392536,-0.3376356824392536,-0.3376356824392536,0.04889230766063517,0.04889230766063517,0.04889230766063517,-0.38652799009988886,-0.38652799009988886,-0.38652799009988886,0.0,0.0,0.0,4.253882352409124
2024-10-27,4.592011666547148,0.396255001301947,7.900378311454581,4.592011666547148,4.592011666547148,-0.4404575677928145,-0.4404575677928145,-0.4404575677928145,0.008680815912715025,0.008680815912715025,0.008680815912715025,-0.44913838370552944,-0.44913838370552944,-0.44913838370552944,0.0,0.0,0.0,4.151554098754334
2024-10-28,4.592258482396534,-0.04357399260794768,7.686479233584504,4.592258482396534,4.592258482396534,-0.8607483847204714,-0.8607483847204714,-0.8607483847204714,-0.3735854245050736,-0.3735854245050736,-0.3735854245050736,-0.48716296021539784,-0.48716296021539784,-0.48716296021539784,0.0,0.0,0.0,3.731510097676062
2024-10-30,4.592752114095305,0.3416790560084292,7.826742733653381,4.592752114095305,4.592752114095305,-0.4082522067259219,-0.4082522067259219,-0.4082522067259219,0.16739775988723674,0.16739775988723674,0.16739775988723674,-0.5756499666131587,-0.5756499666131587,-0.5756499666131587,0.0,0.0,0.0,4.184499907369383
2024-10-31,4.59299892994469,0.22909781941203405,7.500260645899483,4.59299892994469,4.59299892994469,-0.5958893601325436,-0.5958893601325436,-0.5958893601325436,0.029265968520111926,0.029265968520111926,0.029265968520111926,-0.6251553286526554,-0.6251553286526554,-0.6251553286526554,0.0,0.0,0.0,3.9971095698121464
2024-11-01,4.593245745958936,0.44755515189027567,7.955359529806702,4.593245745958936,4.593245745958936,-0.6283298272551542,-0.6283298272551542,-0.6283298272551542,0.04889230766092563,0.04889230766092563,0.04889230766092563,-0.6772221349160799,-0.6772221349160799,-0.6772221349160799,0.0,0.0,0.0,3.964915918703782
2024-11-02,4.593492561973181,-0.08188160072948546,7.589425845654187,4.593492561973181,4.593492561973181,-0.8103597078748486,-0.8103597078748486,-0.8103597078748486,-0.07943901406265146,-0.07943901406265146,-0.07943901406265146,-0.730920693812197,-0.730920693812197,-0.730920693812197,0.0,0.0,0.0,3.7831328540983327
2024-11-03,4.593739377987427,-0.22959509900915373,7.8296719617817505,4.593739377987427,4.593739377987427,-0.7764814443763286,-0.7764814443763286,-0.7764814443763286,0.008680815912360109,0.008680815912360109,0.008680815912360109,-0.7851622602886886,-0.7851622602886886,-0.7851622602886886,0.0,0.0,0.0,3.8172579336110988
2024-11-04,4.593986194001674,-0.7590854794719794,7.398537696265541,4.593986194001674,4.593986194001674,-1.2123046097928856,-1.2123046097928856,-1.2123046097928856,-0.373585424504905,-0.373585424504905,-0.373585424504905,-0.8387191852879806,-0.8387191852879806,-0.8387191852879806,0.0,0.0,0.0,3.381681584208789
2024-11-05,4.59423301001592,-0.15989989519405656,7.511590055530756,4.59423301001592,4.59423301001592,-0.6914623303308024,-0.6914623303308024,-0.6914623303308024,0.1987875865883043,0.1987875865883043,0.1987875865883043,-0.8902499169191067,-0.8902499169191067,-0.8902499169191067,0.0,0.0,0.0,3.9027706796851174
2024-11-06,4.594479826030166,-0.35179953615813064,7.2790189581959694,4.594479826030166,4.594479826030166,-0.7709305780064721,-0.7709305780064721,-0.7709305780064721,0.1673977598863903,0.1673977598863903,0.1673977598863903,-0.9383283378928624,-0.9383283378928624,-0.9383283378928624,0.0,0.0,0.0,3.823549248023694
2024-11-08,4.594973458058658,-0.2534989146082241,7.692043918167177,4.594973458058658,4.594973458058658,-0.9693097105412368,-0.9693097105412368,-0.9693097105412368,0.04889230766087028,0.04889230766087028,0.04889230766087028,-1.018202018202107,-1.018202018202107,-1.018202018202107,0.0,0.0,0.0,3.625663747517421
2024-11-09,4.595220274072903,-0.20773817083038076,7.5754140152866825,4.595220274072903,4.595220274072903,-1.1264721756989913,-1.1264721756989913,-1.1264721756989913,-0.07943901406284234,-0.07943901406284234,-0.07943901406284234,-1.0470331616361488,-1.0470331616361488,-1.0470331616361488,0.0,0.0,0.0,3.4687480983739123
2024-11-10,4.5954670900871495,-0.4900370359703147,7.432865020826224,4.5954670900871495,4.5954670900871495,-1.0578800304935778,-1.0578800304935778,-1.0578800304935778,0.008680815912463119,0.008680815912463119,0.008680815912463119,-1.0665608464060408,-1.0665608464060408,-1.0665608464060408,0.0,0.0,0.0,3.5375870595935717
2024-11-11,4.595713906101396,-0.7304437890941851,7.107286329216897,4.595713906101396,4.595713906101396,-1.4490617933956431,-1.4490617933956431,-1.4490617933956431,-0.37358542450532684,-0.37358542450532684,-0.37358542450532684,-1.0754763688903164,-1.0754763688903164,-1.0754763688903164,0.0,0.0,0.0,3.1466521127057527
2024-11-12,4.595960722115642,-0.11871513836755081,7.562683342023148,4.595960722115642,4.595960722115642,-0.8738223490067667,-0.8738223490067667,-0.8738223490067667,0.19878758658767903,0.19878758658767903,0.19878758658767903,-1.0726099355944456,-1.0726099355944456,-1.0726099355944456,0.0,0.0,0.0,3.722138373108875
2024-11-13,4.596207538129888,-0.09638585266092084,7.470786531085533,4.596207538129888,4.596207538129888,-0.8895691586461206,-0.8895691586461206,-0.8895691586461206,0.16739775988554387,0.16739775988554387,0.16739775988554387,-1.0569669185316646,-1.0569669185316646,-1.0569669185316646,0.0,0.0,0.0,3.7066383794837674
2024-11-14,4.596454354144134,-0.3560944938883172,7.373726700334335,4.596454354144134,4.596454354144134,-0.9984951425633571,-0.9984951425633571,-0.9984951425633571,0.02926596852042558,0.02926596852042558,0.02926596852042558,-1.0277611110837828,-1.0277611110837828,-1.0277611110837828,0.0,0.0,0.0,3.597959211580777
2024-11-15,4.59670117015838,-0.31409126451004427,7.258098150726482,4.59670117015838,4.59670117015838,-0.9355517143212208,-0.9355517143212208,-0.9355517143212208,0.048892307661160726,0.048892307661160726,0.048892307661160726,-0.9844440219823815,-0.9844440219823815,-0.9844440219823815,0.0,0.0,0.0,3.6611494558371596
2024-11-16,4.596947986172626,-0.28285751018181804,7.2995274785925295,4.596947986172626,4.596947986172626,-1.0061683390685556,-1.0061683390685556,-1.0061683390685556,-0.07943901406215514,-0.07943901406215514,-0.07943901406215514,-0.9267293250064004,-0.9267293250064004,-0.9267293250064004,0.0,0.0,0.0,3.5907796471040707
2024-11-17,4.597194802186872,0.04429410809287667,7.469342708290908,4.597194802186872,4.597194802186872,-0.8459308715697157,-0.8459308715697157,-0.8459308715697157,0.008680815912108203,0.008680815912108203,0.008680815912108203,-0.8546116874818239,-0.8546116874818239,-0.8546116874818239,0.0,0.0,0.0,3.751263930617156
2024-11-18,4.597441618201118,-0.15563781052129377,7.304908168701175,4.597441618201118,4.597441618201118,-1.1419647538810411,-1.1419647538810411,-1.1419647538810411,-0.3735854245051584,-0.3735854245051584,-0.3735854245051584,-0.7683793293758826,-0.7683793293758826,-0.7683793293758826,0.0,0.0,0.0,3.455476864320077
2024-11-19,4.5976884344031115,0.25511422755609636,8.11205397578268,4.5976884344031115,4.5976884344031115,-0.46983222710429645,-0.46983222710429645,-0.46983222710429645,0.19878758658848292,0.19878758658848292,0.19878758658848292,-0.6686198136927793,-0.6686198136927793,-0.6686198136927793,0.0,0.0,0.0,4.127856207298815
2024-11-20,4.597935250605103,0.5660557347051008,8.100185137994757,4.597935250605103,4.597935250605103,-0.3888209744852046,-0.3888209744852046,-0.3888209744852046,0.16739775988571554,0.16739775988571554,0.16739775988571554,-0.5562187343709201,-0.5562187343709201,-0.5562187343709201,0.0,0.0,0.0,4.209114276119899
2024-11-21,4.598182066807097,0.45483971800562845,7.820612442219437,4.598182066807097,4.598182066807097,-0.4030851773280414,-0.4030851773280414,-0.4030851773280414,0.02926596851890232,0.02926596851890232,0.02926596851890232,-0.43235114584694373,-0.43235114584694373,-0.43235114584694373,0.0,0.0,0.0,4.195096889479056
2024-11-22,4.59842888300909,0.6147313417138638,8.361270379775496,4.59842888300909,4.59842888300909,-0.24957345661107583,-0.24957345661107583,-0.24957345661107583,0.04889230766145122,0.04889230766145122,0.04889230766145122,-0.298465764272527,-0.298465764272527,-0.298465764272527,0.0,0.0,0.0,4.348855426398014
2024-11-23,4.598675699211084,0.4625373171149216,8.363956405005702,4.598675699211084,4.598675699211084,-0.23570117331293663,-0.23570117331293663,-0.23570117331293663,-0.0794390140630281,-0.0794390140630281,-0.0794390140630281,-0.15626215924990852,-0.15626215924990852,-0.15626215924990852,0.0,0.0,0.0,4.362974525898147
2024-11-24,4.598922515413077,0.5197203949126473,8.378943122247122,4.598922515413077,4.598922515413077,0.0010194741007969275,0.0010194741007969275,0.0010194741007969275,0.008680815911753258,0.008680815911753258,0.008680815911753258,-0.00766134181095633,-0.00766134181095633,-0.00766134181095633,0.0,0.0,0.0,4.599941989513874
2024-11-26,4.599416147817063,1.4933721384027607,8.809798502136355,4.599416147817063,4.599416147817063,0.4989461121835729,0.4989461121835729,0.4989461121835729,0.1987875865885722,0.1987875865885722,0.1987875865885722,0.30015852559500067,0.30015852559500067,0.30015852559500067,0.0,0.0,0.0,5.098362260000636
2024-12-03,4.601143861231016,2.1617444103699546,10.012194168274753,4.601143861231016,4.601143861231016,1.4427611700314449,1.4427611700314449,1.4427611700314449,0.19878758658866152,0.19878758658866152,0.19878758658866152,1.2439735834427832,1.2439735834427832,1.2439735834427832,0.0,0.0,0.0,6.043905031262461
2024-12-05,4.6016374936350015,2.2582353523022403,9.883144227912322,4.6016374936350015,4.6016374936350015,1.4335850503129093,1.4335850503129093,1.4335850503129093,0.029265968518912288,0.029265968518912288,0.029265968518912288,1.404319081793997,1.404319081793997,1.404319081793997,0.0,0.0,0.0,6.035222543947911
2024-12-06,4.601884309836995,2.297446029112203,9.67779820829095,4.601884309836995,4.601884309836995,1.5071214442287841,1.5071214442287841,1.5071214442287841,0.048892307661032,0.048892307661032,0.048892307661032,1.458229136567752,1.458229136567752,1.458229136567752,0.0,0.0,0.0,6.109005754065779
2024-12-07,4.602131126038989,2.2617951380117822,9.955024065505478,4.602131126038989,4.602131126038989,1.4140928512257682,1.4140928512257682,1.4140928512257682,-0.07943901406272769,-0.07943901406272769,-0.07943901406272769,1.493531865288496,1.493531865288496,1.493531865288496,0.0,0.0,0.0,6.016223977264757
2024-12-08,4.602377942240982,2.342135771943087,9.968668750541825,4.602377942240982,4.602377942240982,1.518519250993221,1.518519250993221,1.518519250993221,0.008680815912253118,0.008680815912253118,0.008680815912253118,1.509838435080968,1.509838435080968,1.509838435080968,0.0,0.0,0.0,6.120897193234203
2024-12-09,4.602624758442975,2.1852730940008693,9.949826766072592,4.602624758442975,4.602624758442975,1.1335349331777338,1.1335349331777338,1.1335349331777338,-0.3735854245055125,-0.3735854245055125,-0.3735854245055125,1.5071203576832461,1.5071203576832461,1.5071203576832461,0.0,0.0,0.0,5.736159691620708
2024-12-10,4.602871574644968,2.2914597438082245,9.969461598234844,4.602871574644968,4.602871574644968,1.684497318579435,1.684497318579435,1.684497318579435,0.1987875865887508,0.1987875865887508,0.1987875865887508,1.4857097319906842,1.4857097319906842,1.4857097319906842,0.0,0.0,0.0,6.287368893224404
2024-12-11,4.603118390846962,2.3250087339672967,9.839514477803062,4.603118390846962,4.603118390846962,1.613688696714114,1.613688696714114,1.613688696714114,0.16739775988554334,0.16739775988554334,0.16739775988554334,1.4462909368285706,1.4462909368285706,1.4462909368285706,0.0,0.0,0.0,6.216807087561076
2024-12-13,4.603612023250947,2.0272333675027125,10.26442241370092,4.603612023250947,4.603612023250947,1.366711722564597,1.366711722564597,1.366711722564597,0.04889230766097662,0.04889230766097662,0.04889230766097662,1.3178194149036202,1.3178194149036202,1.3178194149036202,0.0,0.0,0.0,5.970323745815544
2024-12-14,4.603858839452942,1.9842536166724123,9.512004404428927,4.603858839452942,4.603858839452942,1.152267730759528,1.152267730759528,1.152267730759528,-0.07943901406291852,-0.07943901406291852,-0.07943901406291852,1.2317067448224464,1.2317067448224464,1.2317067448224464,0.0,0.0,0.0,5.756126570212469
2024-12-15,4.604105655923196,1.9890035492872318,9.57682000367692,4.604105655923196,4.604105655923196,1.1420756557972485,1.1420756557972485,1.1420756557972485,0.008680815912356157,0.008680815912356157,0.008680815912356157,1.1333948398848923,1.1333948398848923,1.1333948398848923,0.0,0.0,0.0,5.746181311720445
2024-12-16,4.604352472393452,1.4899004720419566,9.019518892619496,4.604352472393452,4.604352472393452,0.6513421407022355,0.6513421407022355,0.6513421407022355,-0.37358542450507454,-0.37358542450507454,-0.37358542450507454,1.02492756520731,1.02492756520731,1.02492756520731,0.0,0.0,0.0,5.255694613095687
2024-12-17,4.604599288863707,1.6486424056755535,9.467956645491967,4.604599288863707,4.604599288863707,1.1072819688182454,1.1072819688182454,1.1072819688182454,0.19878758658955464,0.19878758658955464,0.19878758658955464,0.9084943822286906,0.9084943822286906,0.9084943822286906,0.0,0.0,0.0,5.711881257681952
2024-12-19,4.605092921804217,1.5897597810937902,8.86707131842308,4.605092921804217,4.605092921804217,0.6901636042642231,0.6901636042642231,0.6901636042642231,0.029265968520346002,0.029265968520346002,0.029265968520346002,0.6608976357438769,0.6608976357438769,0.6608976357438769,0.0,0.0,0.0,5.29525652606844
2024-12-20,4.605339738274472,1.5193032046992454,9.016678112895109,4.605339738274472,4.605339738274472,0.5832497380820387,0.5832497380820387,0.5832497380820387,0.04889230766026695,0.04889230766026695,0.04889230766026695,0.5343574304217719,0.5343574304217719,0.5343574304217719,0.0,0.0,0.0,5.18858947635651
2024-12-22,4.605833371214981,0.9654562119445863,8.472296976408865,4.605833371214981,4.605833371214981,0.29557605961475103,0.29557605961475103,0.29557605961475103,0.008680815912230204,0.008680815912230204,0.008680815912230204,0.2868952437025208,0.2868952437025208,0.2868952437025208,0.0,0.0,0.0,4.901409430829732
2024-12-24,4.606327004155491,1.1695070209416512,8.817933115272607,4.606327004155491,4.606327004155491,0.2588415174783856,0.2588415174783856,0.2588415174783856,0.19878758658825632,0.19878758658825632,0.19878758658825632,0.06005393089012926,0.06005393089012926,0.06005393089012926,0.0,0.0,0.0,4.865168521633877
2024-12-25,4.606573820625746,1.2224595642300287,8.331925914086487,4.606573820625746,4.606573820625746,0.12587732512258257,0.12587732512258257,0.12587732512258257,0.16739775988588673,0.16739775988588673,0.16739775988588673,-0.041520434763304165,-0.041520434763304165,-0.041520434763304165,0.0,0.0,0.0,4.732451145748328
2024-12-29,4.607561086506766,0.5004154069844546,8.00211573428115,4.607561086506766,4.607561086506766,-0.33658012019008554,-0.33658012019008554,-0.33658012019008554,0.00868081591308498,0.00868081591308498,0.00868081591308498,-0.34526093610317055,-0.34526093610317055,-0.34526093610317055,0.0,0.0,0.0,4.27098096631668
2024-12-30,4.6078079029770205,-0.2108853557905701,7.584673048897333,4.6078079029770205,4.6078079029770205,-0.7672841941900984,-0.7672841941900984,-0.7672841941900984,-0.37358542450527643,-0.37358542450527643,-0.37358542450527643,-0.393698769684822,-0.393698769684822,-0.393698769684822,0.0,0.0,0.0,3.840523708786922
2024-12-31,4.608054719447275,0.523331971963085,8.185669271655167,4.608054719447275,4.608054719447275,-0.23274281251791468,-0.23274281251791468,-0.23274281251791468,0.1987875865890602,0.1987875865890602,0.1987875865890602,-0.4315303991069749,-0.4315303991069749,-0.4315303991069749,0.0,0.0,0.0,4.375311906929361
2025-01-01,4.608301535917531,0.2899149659448213,8.026077787095964,4.608301535917531,4.608301535917531,-0.29208865448537125,-0.29208865448537125,-0.29208865448537125,0.16739775988605843,0.16739775988605843,0.16739775988605843,-0.4594864143714297,-0.4594864143714297,-0.4594864143714297,0.0,0.0,0.0,4.316212881432159
2025-01-02,4.6085483523877855,0.27614399113570814,7.703957137205596,4.6085483523877855,4.6085483523877855,-0.4492970180145118,-0.4492970180145118,-0.4492970180145118,0.029265968519539602,0.029265968519539602,0.029265968519539602,-0.47856298653405144,-0.47856298653405144,-0.47856298653405144,0.0,0.0,0.0,4.159251334373273
2025-01-04,4.609041985328295,-0.018823507929667457,8.030279431322793,4.609041985328295,4.609041985328295,-0.5746053900219708,-0.5746053900219708,-0.5746053900219708,-0.07943901406261307,-0.07943901406261307,-0.07943901406261307,-0.4951663759593577,-0.4951663759593577,-0.4951663759593577,0.0,0.0,0.0,4.034436595306325
2025-01-05,4.6092888017985505,0.3773111746798966,8.038289053374013,4.6092888017985505,4.6092888017985505,-0.48697550793100797,-0.48697550793100797,-0.48697550793100797,0.008680815912730035,0.008680815912730035,0.008680815912730035,-0.495656323843738,-0.495656323843738,-0.495656323843738,0.0,0.0,0.0,4.122313293867543
2025-01-06,4.609535618268805,0.18460278962996932,7.832169796584361,4.609535618268805,4.609535618268805,-0.866678954283302,-0.866678954283302,-0.866678954283302,-0.37358542450483845,-0.37358542450483845,-0.37358542450483845,-0.4930935297784635,-0.4930935297784635,-0.4930935297784635,0.0,0.0,0.0,3.742856663985503
2025-01-09,4.61027606767957,0.566077602909237,7.999828432899044,4.61027606767957,4.61027606767957,-0.45436696976550145,-0.45436696976550145,-0.45436696976550145,0.02926596851995277,0.02926596851995277,0.02926596851995277,-0.48363293828545423,-0.48363293828545423,-0.48363293828545423,0.0,0.0,0.0,4.155909097914069
2025-01-10,4.610522884027293,0.3961150859879815,8.029776992264562,4.610522884027293,4.610522884027293,-0.43618357660071083,-0.43618357660071083,-0.43618357660071083,0.0488923076601382,0.0488923076601382,0.0488923076601382,-0.4850758842608491,-0.4850758842608491,-0.4850758842608491,0.0,0.0,0.0,4.174339307426582
2025-01-13,4.61126333307046,0.07942767954004244,7.684929248441186,4.61126333307046,4.61126333307046,-0.8941742846237243,-0.8941742846237243,-0.8941742846237243,-0.37358542450493937,-0.37358542450493937,-0.37358542450493937,-0.5205888601187848,-0.5205888601187848,-0.5205888601187848,0.0,0.0,0.0,3.717089048446736
2025-01-14,4.611510149418183,0.3206841461060304,7.899268698266316,4.611510149418183,4.611510149418183,-0.34661159435893085,-0.34661159435893085,-0.34661159435893085,0.19878758658923876,0.19878758658923876,0.19878758658923876,-0.5453991809481696,-0.5453991809481696,-0.5453991809481696,0.0,0.0,0.0,4.2648985550592515
2025-01-15,4.611756965765905,0.39982566943097936,8.052384019726345,4.611756965765905,4.611756965765905,-0.40985533599685386,-0.40985533599685386,-0.40985533599685386,0.16739775988673267,0.16739775988673267,0.16739775988673267,-0.5772530958835864,-0.5772530958835864,-0.5772530958835864,0.0,0.0,0.0,4.2019016297690515
2025-01-16,4.612003782113629,0.19109568720305958,7.525436057241049,4.612003782113629,4.612003782113629,-0.5867405303054407,-0.5867405303054407,-0.5867405303054407,0.02926596852066963,0.02926596852066963,0.02926596852066963,-0.6160064988261104,-0.6160064988261104,-0.6160064988261104,0.0,0.0,0.0,4.0252632518081874
2025-01-17,4.612250598461349,0.24324116589796946,7.873457536709646,4.612250598461349,4.612250598461349,-0.6122949017673577,-0.6122949017673577,-0.6122949017673577,0.048892307661428824,0.048892307661428824,0.048892307661428824,-0.6611872094287866,-0.6611872094287866,-0.6611872094287866,0.0,0.0,0.0,3.9999556966939918
2025-01-18,4.612497414809073,-0.015453049083505043,7.695588046044306,4.612497414809073,4.612497414809073,-0.7914403510070244,-0.7914403510070244,-0.7914403510070244,-0.07943901406367687,-0.07943901406367687,-0.07943901406367687,-0.7120013369433474,-0.7120013369433474,-0.7120013369433474,0.0,0.0,0.0,3.8210570638020482
2025-01-20,4.612991047504518,-0.39826157969501924,7.30856043118311,4.612991047504518,4.612991047504518,-1.199436686093236,-1.199436686093236,-1.199436686093236,-0.37358542450536114,-0.37358542450536114,-0.37358542450536114,-0.8258512615878749,-0.8258512615878749,-0.8258512615878749,0.0,0.0,0.0,3.4135543614112818
2025-01-21,4.61323786385224,0.3216452700244359,7.956274665674603,4.61323786385224,4.61323786385224,-0.6870935951512426,-0.6870935951512426,-0.6870935951512426,0.19878758659004267,0.19878758659004267,0.19878758659004267,-0.8858811817412853,-0.8858811817412853,-0.8858811817412853,0.0,0.0,0.0,3.9261442687009978
2025-01-22,4.613484680199963,-0.08756205545188178,7.780853151001694,4.613484680199963,4.613484680199963,-0.7782112801861578,-0.7782112801861578,-0.7782112801861578,0.1673977598858862,0.1673977598858862,0.1673977598858862,-0.945609040072044,-0.945609040072044,-0.945609040072044,0.0,0.0,0.0,3.835273400013805
2025-01-23,4.613731496547685,-0.08720040983826069,7.497049298998015,4.613731496547685,4.613731496547685,-0.9737838406572743,-0.9737838406572743,-0.9737838406572743,0.02926596852026643,0.02926596852026643,0.02926596852026643,-1.0030498091775408,-1.0030498091775408,-1.0030498091775408,0.0,0.0,0.0,3.6399476558904107
2025-01-26,4.614471945590852,-0.3925569526862498,7.300387067156544,4.614471945590852,4.614471945590852,-1.1319702057494012,-1.1319702057494012,-1.1319702057494012,0.008680815912352235,0.008680815912352235,0.008680815912352235,-1.1406510216617534,-1.1406510216617534,-1.1406510216617534,0.0,0.0,0.0,3.4825017398414504
2025-01-27,4.614718761938574,-0.8031497532090305,6.863705878081144,4.614718761938574,4.614718761938574,-1.5415710342132072,-1.5415710342132072,-1.5415710342132072,-0.3735854245054621,-0.3735854245054621,-0.3735854245054621,-1.167985609707745,-1.167985609707745,-1.167985609707745,0.0,0.0,0.0,3.073147727725367
2025-01-28,4.614965578286297,-0.020274034646721464,7.361046961048058,4.614965578286297,4.614965578286297,-0.9840250596034589,-0.9840250596034589,-0.9840250596034589,0.19878758658941734,0.19878758658941734,0.19878758658941734,-1.1828126461928763,-1.1828126461928763,-1.1828126461928763,0.0,0.0,0.0,3.630940518682838
2025-01-29,4.615212394634019,-0.030775927018351856,7.059566426194065,4.615212394634019,4.615212394634019,-1.0160605942708016,-1.0160605942708016,-1.0160605942708016,0.16739775988707611,0.16739775988707611,0.16739775988707611,-1.1834583541578776,-1.1834583541578776,-1.1834583541578776,0.0,0.0,0.0,3.5991518003632175
2025-02-02,4.616199660024909,0.07954890053789794,7.361260317717211,4.616199660024909,4.616199660024909,-1.0121895658408218,-1.0121895658408218,-1.0121895658408218,0.00868081591199729,0.00868081591199729,0.00868081591199729,-1.020870381752819,-1.020870381752819,-1.020870381752819,0.0,0.0,0.0,3.604010094184088
2025-02-04,4.616693292720354,0.041412628097719256,7.927320091804568,4.616693292720354,4.616693292720354,-0.6355061245301838,-0.6355061245301838,-0.6355061245301838,0.19878758658883355,0.19878758658883355,0.19878758658883355,-0.8342937111190174,-0.8342937111190174,-0.8342937111190174,0.0,0.0,0.0,3.9811871681901705
2025-02-05,4.616940109051213,0.22541878889402175,8.016490599565461,4.616940109051213,4.616940109051213,-0.5486185578054444,-0.5486185578054444,-0.5486185578054444,0.16739775988656044,0.16739775988656044,0.16739775988656044,-0.7160163176920049,-0.7160163176920049,-0.7160163176920049,0.0,0.0,0.0,4.068321551245768
2025-02-06,4.617186925382072,0.274151455436408,7.911632973566708,4.617186925382072,4.617186925382072,-0.5534628376356863,-0.5534628376356863,-0.5534628376356863,0.02926596851946002,0.02926596851946002,0.02926596851946002,-0.5827288061551463,-0.5827288061551463,-0.5827288061551463,0.0,0.0,0.0,4.063724087746385
2025-02-07,4.61743374171293,0.6003550515650621,7.894111583537606,4.61743374171293,4.61743374171293,-0.38729185170289165,-0.38729185170289165,-0.38729185170289165,0.048892307659954115,0.048892307659954115,0.048892307659954115,-0.43618415936284577,-0.43618415936284577,-0.43618415936284577,0.0,0.0,0.0,4.230141890010039
2025-02-08,4.617680558043789,0.4529819186976057,7.8332558943571575,4.617680558043789,4.617680558043789,-0.35795495508190167,-0.35795495508190167,-0.35795495508190167,-0.07943901406268927,-0.07943901406268927,-0.07943901406268927,-0.27851594101921234,-0.27851594101921234,-0.27851594101921234,0.0,0.0,0.0,4.259725602961887
2025-02-10,4.618174190705507,0.6977823011103675,8.108582213095534,4.618174190705507,4.618174190705507,-0.31358772896937187,-0.31358772896937187,-0.31358772896937187,-0.373585424505125,-0.373585424505125,-0.373585424505125,0.059997695535753175,0.059997695535753175,0.059997695535753175,0.0,0.0,0.0,4.304586461736135
2025-02-11,4.618421007036366,1.2401030789086218,8.880890866486393,4.618421007036366,4.618421007036366,0.43385833807732543,0.43385833807732543,0.43385833807732543,0.1987875865882083,0.1987875865882083,0.1987875865882083,0.23507075148911713,0.23507075148911713,0.23507075148911713,0.0,0.0,0.0,5.052279345113691
2025-02-13,4.618914639698083,1.6897923981275673,8.83848726392805,4.618914639698083,4.618914639698083,0.6103040530570006,0.6103040530570006,0.6103040530570006,0.029265968520176884,0.029265968520176884,0.029265968520176884,0.5810380845368238,0.5810380845368238,0.5810380845368238,0.0,0.0,0.0,5.229218692755084
2025-02-14,4.619161456028941,1.936109305741101,9.178233588671553,4.619161456028941,4.619161456028941,0.794239124257687,0.794239124257687,0.794239124257687,0.04889230766024456,0.04889230766024456,0.04889230766024456,0.7453468165974424,0.7453468165974424,0.7453468165974424,0.0,0.0,0.0,5.413400580286628
2025-02-15,4.6194082723598004,1.6146477190131976,9.047128985648534,4.6194082723598004,4.6194082723598004,0.8200710196057417,0.8200710196057417,0.8200710196057417,-0.079439014062198,-0.079439014062198,-0.079439014062198,0.8995100336679397,0.8995100336679397,0.8995100336679397,0.0,0.0,0.0,5.439479291965542
2025-02-16,4.619655088690659,2.008755879434351,9.240614439691592,4.619655088690659,4.619655088690659,1.049072041711968,1.049072041711968,1.049072041711968,0.008680815912726084,0.008680815912726084,0.008680815912726084,1.040391225799242,1.040391225799242,1.040391225799242,0.0,0.0,0.0,5.668727130402627
2025-02-17,4.619901905021518,1.6468237437267736,9.166385295596472,4.619901905021518,4.619901905021518,0.7914663829632587,0.7914663829632587,0.7914663829632587,-0.37358542450495646,-0.37358542450495646,-0.37358542450495646,1.1650518074682152,1.1650518074682152,1.1650518074682152,0.0,0.0,0.0,5.411368287984777
2025-02-18,4.620148721352376,2.4680810091939245,10.045310267335546,4.620148721352376,4.620148721352376,1.4696098378502673,1.4696098378502673,1.4696098378502673,0.1987875865890122,0.1987875865890122,0.1987875865890122,1.270822251261255,1.270822251261255,1.270822251261255,0.0,0.0,0.0,6.089758559202644
2025-02-19,4.620395537683235,2.456102735073521,9.889103166098277,4.620395537683235,4.620395537683235,1.5227657521735727,1.5227657521735727,1.5227657521735727,0.1673977598858857,0.1673977598858857,0.1673977598858857,1.355367992287687,1.355367992287687,1.355367992287687,0.0,0.0,0.0,6.143161289856808
2025-02-20,4.620642354014094,2.713260397254262,9.828071421226374,4.620642354014094,4.620642354014094,1.4460143931408318,1.4460143931408318,1.4460143931408318,0.029265968518653616,0.029265968518653616,0.029265968518653616,1.4167484246221784,1.4167484246221784,1.4167484246221784,0.0,0.0,0.0,6.0666567471549255
2025-02-21,4.620889170344953,2.2888317734604544,9.792229213607708,4.620889170344953,4.620889170344953,1.5023597775168094,1.5023597775168094,1.5023597775168094,0.048892307661189335,0.048892307661189335,0.048892307661189335,1.4534674698556203,1.4534674698556203,1.4534674698556203,0.0,0.0,0.0,6.123248947861763
2025-02-22,4.621135986675812,2.362923446146446,9.95007995321999,4.621135986675812,4.621135986675812,1.385075382094091,1.385075382094091,1.385075382094091,-0.07943901406307098,-0.07943901406307098,-0.07943901406307098,1.464514396157162,1.464514396157162,1.464514396157162,0.0,0.0,0.0,6.006211368769903
2025-02-23,4.621382803006671,2.0409443706604944,9.928983280173307,4.621382803006671,4.621382803006671,1.4580746151105997,1.4580746151105997,1.4580746151105997,0.008680815912600101,0.008680815912600101,0.008680815912600101,1.4493937991979997,1.4493937991979997,1.4493937991979997,0.0,0.0,0.0,6.07945741811727
2025-02-24,4.62162961934878,1.711331662892336,9.322338839626052,4.62162961934878,4.62162961934878,1.034558493513604,1.034558493513604,1.034558493513604,-0.37358542450505744,-0.37358542450505744,-0.37358542450505744,1.4081439180186612,1.4081439180186612,1.4081439180186612,0.0,0.0,0.0,5.656188112862384
2025-02-27,4.62237006837511,2.1405499150460985,9.794929945545238,4.62237006837511,4.62237006837511,1.1653127374535706,1.1653127374535706,1.1653127374535706,0.02926596852018685,0.02926596852018685,0.02926596852018685,1.1360467689333837,1.1360467689333837,1.1360467689333837,0.0,0.0,0.0,5.78768280582868
2025-02-28,4.62261688471722,1.9815743158586059,9.50674294574606,4.62261688471722,4.62261688471722,1.0501803288918046,1.0501803288918046,1.0501803288918046,0.0488923076614798,0.0488923076614798,0.0488923076614798,1.0012880212303248,1.0012880212303248,1.0012880212303248,0.0,0.0,0.0,5.672797213609025
2025-03-02,4.6231105174014395,1.4114653013652794,9.15576003836284,4.6231105174014395,4.6231105174014395,0.6889362007485884,0.6889362007485884,0.6889362007485884,0.008680815912245215,0.008680815912245215,0.008680815912245215,0.6802553848363432,0.6802553848363432,0.6802553848363432,0.0,0.0,0.0,5.312046718150028
2025-03-03,4.62335733374355,0.8398302565747482,8.756426216370713,4.62335733374355,4.62335733374355,0.12660572023516434,0.12660572023516434,0.12660572023516434,-0.3735854245052098,-0.3735854245052098,-0.3735854245052098,0.5001911447403742,0.5001911447403742,0.5001911447403742,0.0,0.0,0.0,4.749963053978714
2025-03-05,4.623850966427769,0.9861421615140719,8.733481207129154,4.623850966427769,4.623850966427769,0.28592208695920807,0.28592208695920807,0.28592208695920807,0.16739775988622915,0.16739775988622915,0.16739775988622915,0.11852432707297898,0.11852432707297898,0.11852432707297898,0.0,0.0,0.0,4.909773053386977
2025-03-06,4.62409778276988,0.5239302537411923,8.369469939127615,4.62409778276988,4.62409778276988,-0.04629187159653553,-0.04629187159653553,-0.04629187159653553,0.029265968519783647,0.029265968519783647,0.029265968519783647,-0.07555784011631918,-0.07555784011631918,-0.07555784011631918,0.0,0.0,0.0,4.5778059111733445
2025-03-08,4.624591415454099,0.2180822764667248,7.836485689326425,4.624591415454099,4.624591415454099,-0.5305853521635933,-0.5305853521635933,-0.5305853521635933,-0.07943901406277055,-0.07943901406277055,-0.07943901406277055,-0.45114633810082266,-0.45114633810082266,-0.45114633810082266,0.0,0.0,0.0,4.0940060632905055
2025-03-09,4.624838231796209,0.2240551012858836,8.056762642296055,4.624838231796209,4.624838231796209,-0.6165802949184649,-0.6165802949184649,-0.6165802949184649,0.008680815911890329,0.008680815911890329,0.008680815911890329,-0.6252611108303552,-0.6252611108303552,-0.6252611108303552,0.0,0.0,0.0,4.008257936877745
2025-03-12,4.625578680822539,-0.13993242471121972,7.422498046277723,4.625578680822539,4.625578680822539,-0.8857840376884305,-0.8857840376884305,-0.8857840376884305,0.16739775988538266,0.16739775988538266,0.16739775988538266,-1.0531817975738131,-1.0531817975738131,-1.0531817975738131,0.0,0.0,0.0,3.7397946431341085
2025-03-15,4.626319129848869,-0.40725101442630635,7.096823668502169,4.626319129848869,4.626319129848869,-1.3662571157424066,-1.3662571157424066,-1.3662571157424066,-0.07943901406276552,-0.07943901406276552,-0.07943901406276552,-1.286818101679641,-1.286818101679641,-1.286818101679641,0.0,0.0,0.0,3.2600620141064622
2025-03-16,4.626565946190978,-0.4171482334858351,7.241497655990166,4.626565946190978,4.626565946190978,-1.3054385804492068,-1.3054385804492068,-1.3054385804492068,0.008680815911993338,0.008680815911993338,0.008680815911993338,-1.3141193963612001,-1.3141193963612001,-1.3141193963612001,0.0,0.0,0.0,3.3211273657417717
2025-03-21,4.627800027901529,0.05779847186167556,7.440269906177657,4.627800027901529,4.627800027901529,-1.0218376460990921,-1.0218376460990921,-1.0218376460990921,0.04889230766035094,0.04889230766035094,0.04889230766035094,-1.070729953759443,-1.070729953759443,-1.070729953759443,0.0,0.0,0.0,3.6059623818024367
2025-03-26,4.629034109612078,0.4543060799933526,8.170335492303348,4.629034109612078,4.629034109612078,-0.1820364329294553,-0.1820364329294553,-0.1820364329294553,0.16739775988605687,0.16739775988605687,0.16739775988605687,-0.3494341928155122,-0.3494341928155122,-0.3494341928155122,0.0,0.0,0.0,4.446997676682623
2025-03-28,4.629527742296298,1.011766929712784,8.611872635982783,4.629527742296298,4.629527742296298,0.0429610956027864,0.0429610956027864,0.0429610956027864,0.04889230766164152,0.04889230766164152,0.04889230766164152,-0.00593121205885512,-0.00593121205885512,-0.00593121205885512,0.0,0.0,0.0,4.672488837899084
2025-03-29,4.629774558638408,1.0610130714886832,8.461026585225577,4.629774558638408,4.629774558638408,0.0848039222561358,0.0848039222561358,0.0848039222561358,-0.07943901406246508,-0.07943901406246508,-0.07943901406246508,0.16424293631860087,0.16424293631860087,0.16424293631860087,0.0,0.0,0.0,4.714578480894543
2025-04-01,4.630515007664737,1.7141214809879313,9.301342907206838,4.630515007664737,4.630515007664737,0.8296319758128048,0.8296319758128048,0.8296319758128048,0.19878758658958942,0.19878758658958942,0.19878758658958942,0.6308443892232154,0.6308443892232154,0.6308443892232154,0.0,0.0,0.0,5.460146983477542
2025-04-03,4.6310086401174875,1.8531370367493054,9.315236781080237,4.6310086401174875,4.6310086401174875,0.9082736973401818,0.9082736973401818,0.9082736973401818,0.02926596851898721,0.02926596851898721,0.02926596851898721,0.8790077288211946,0.8790077288211946,0.8790077288211946,0.0,0.0,0.0,5.539282337457669
2025-04-04,4.6312554563438635,1.992478841662509,9.410436591377053,4.6312554563438635,4.6312554563438635,1.0270469615924993,1.0270469615924993,1.0270469615924993,0.048892307660931854,0.048892307660931854,0.048892307660931854,0.9781546539315674,0.9781546539315674,0.9781546539315674,0.0,0.0,0.0,5.658302417936363
2025-04-05,4.631502272570239,1.8183795650532835,9.65071571408981,4.631502272570239,4.631502272570239,0.9794999719584923,0.9794999719584923,0.9794999719584923,-0.07943901406265592,-0.07943901406265592,-0.07943901406265592,1.0589389860211482,1.0589389860211482,1.0589389860211482,0.0,0.0,0.0,5.611002244528731
2025-04-06,4.631749088796614,2.043073681316255,9.526133175201775,4.631749088796614,4.631749088796614,1.1292945487441288,1.1292945487441288,1.1292945487441288,0.008680815912367246,0.008680815912367246,0.008680815912367246,1.1206137328317616,1.1206137328317616,1.1206137328317616,0.0,0.0,0.0,5.761043637540743
2025-04-07,4.631995905022988,1.586078916449224,9.232544588815621,4.631995905022988,4.631995905022988,0.7893003100823588,0.7893003100823588,0.7893003100823588,-0.3735854245052269,-0.3735854245052269,-0.3735854245052269,1.1628857345875856,1.1628857345875856,1.1628857345875856,0.0,0.0,0.0,5.421296215105347
2025-04-08,4.632242721249364,2.238120004128481,9.435514233001832,4.632242721249364,4.632242721249364,1.384696894218347,1.384696894218347,1.384696894218347,0.19878758658896414,0.19878758658896414,0.19878758658896414,1.185909307629383,1.185909307629383,1.185909307629383,0.0,0.0,0.0,6.016939615467711
2025-04-09,4.632489537475739,2.057822111006502,10.048536195567795,4.632489537475739,4.632489537475739,1.3576670278865626,1.3576670278865626,1.3576670278865626,0.16739775988538214,0.16739775988538214,0.16739775988538214,1.1902692680011806,1.1902692680011806,1.1902692680011806,0.0,0.0,0.0,5.990156565362302
2025-04-10,4.632736353702114,2.0764256005698427,9.655178804751834,4.632736353702114,4.632736353702114,1.206219926536803,1.206219926536803,1.206219926536803,0.029265968519704068,0.029265968519704068,0.029265968519704068,1.176953958017099,1.176953958017099,1.176953958017099,0.0,0.0,0.0,5.838956280238917
2025-04-12,4.633229986154865,1.9691153425012469,9.468651457027173,4.633229986154865,4.633229986154865,1.0236048094898578,1.0236048094898578,1.0236048094898578,-0.07943901406216468,-0.07943901406216468,-0.07943901406216468,1.1030438235520224,1.1030438235520224,1.1030438235520224,0.0,0.0,0.0,5.656834795644723
2025-04-13,4.63347680238124,1.9291443083422335,9.852768343592157,4.63347680238124,4.63347680238124,1.054760135039038,1.054760135039038,1.054760135039038,0.008680815912241293,0.008680815912241293,0.008680815912241293,1.0460793191267967,1.0460793191267967,1.0460793191267967,0.0,0.0,0.0,5.688236937420278
2025-04-15,4.633970434833991,1.7356738185391516,9.481013014250324,4.633970434833991,4.633970434833991,1.1016950550441205,1.1016950550441205,1.1016950550441205,0.19878758658976803,0.19878758658976803,0.19878758658976803,0.9029074684543525,0.9029074684543525,0.9029074684543525,0.0,0.0,0.0,5.735665489878111
2025-04-16,4.634217251060366,1.638338640195853,9.434657131952285,4.634217251060366,4.634217251060366,0.9888370795866113,0.9888370795866113,0.9888370795866113,0.1673977598869028,0.1673977598869028,0.1673977598869028,0.8214393196997085,0.8214393196997085,0.8214393196997085,0.0,0.0,0.0,5.623054330646977
2025-04-17,4.634464067286741,1.4989611464138088,8.838462269330972,4.634464067286741,4.634464067286741,0.7659007117451793,0.7659007117451793,0.7659007117451793,0.02926596852042093,0.02926596852042093,0.02926596852042093,0.7366347432247584,0.7366347432247584,0.7366347432247584,0.0,0.0,0.0,5.4003647790319205
2025-04-21,4.635451332192242,0.8858384711581888,8.532528004253946,4.635451332192242,4.635451332192242,0.037045229361189556,0.037045229361189556,0.037045229361189556,-0.37358542450515936,-0.37358542450515936,-0.37358542450515936,0.4106306538663489,0.4106306538663489,0.4106306538663489,0.0,0.0,0.0,4.672496561553432
2025-04-22,4.6356981484186175,1.5215028716900159,9.23793508231368,4.6356981484186175,4.6356981484186175,0.5415060819095743,0.5415060819095743,0.5415060819095743,0.19878758658846965,0.19878758658846965,0.19878758658846965,0.3427184953211047,0.3427184953211047,0.3427184953211047,0.0,0.0,0.0,5.177204230328192
2025-04-23,4.635944964644993,1.249766008730931,9.067050913653429,4.635944964644993,4.635944964644993,0.4509478441027201,0.4509478441027201,0.4509478441027201,0.16739775988605635,0.16739775988605635,0.16739775988605635,0.2835500842166637,0.2835500842166637,0.2835500842166637,0.0,0.0,0.0,5.086892808747713
2025-04-25,4.636438597097744,1.2261450999946062,8.578176124623331,4.636438597097744,4.636438597097744,0.24460971525637928,0.24460971525637928,0.24460971525637928,0.04889230766145741,0.04889230766145741,0.04889230766145741,0.1957174075949219,0.1957174075949219,0.1957174075949219,0.0,0.0,0.0,4.881048312354123
2025-04-26,4.636685413243538,0.8575452500577337,8.326682527941568,4.636685413243538,4.636685413243538,0.08892419815906001,0.08892419815906001,0.08892419815906001,-0.07943901406254636,-0.07943901406254636,-0.07943901406254636,0.16836321222160636,0.16836321222160636,0.16836321222160636,0.0,0.0,0.0,4.725609611402598
2025-04-27,4.636932229389334,0.9639262143145809,8.400647511449918,4.636932229389334,4.636932229389334,0.1610418211535062,0.1610418211535062,0.1610418211535062,0.008680815912970116,0.008680815912970116,0.008680815912970116,0.15236100524053608,0.15236100524053608,0.15236100524053608,0.0,0.0,0.0,4.79797405054284
2025-04-29,4.637425861680924,1.6703003597677022,9.00084053887338,4.637425861680924,4.637425861680924,0.3521562558306992,0.3521562558306992,0.3521562558306992,0.19878758658855894,0.19878758658855894,0.19878758658855894,0.15336866924214027,0.15336866924214027,0.15336866924214027,0.0,0.0,0.0,4.989582117511624
2025-04-30,4.637672677826719,1.2642367935397025,8.744526509519712,4.637672677826719,4.637672677826719,0.33649195320334185,0.33649195320334185,0.33649195320334185,0.16739775988724623,0.16739775988724623,0.16739775988724623,0.16909419331609563,0.16909419331609563,0.16909419331609563,0.0,0.0,0.0,4.974164631030061
2025-05-01,4.637919493972515,0.9671982666906733,8.401732685427849,4.637919493972515,4.637919493972515,0.222924174513611,0.222924174513611,0.222924174513611,0.029265968519614525,0.029265968519614525,0.029265968519614525,0.19365820599399647,0.19365820599399647,0.19365820599399647,0.0,0.0,0.0,4.860843668486125
2025-05-02,4.63816631011831,0.9602108251535064,8.896853606977935,4.63816631011831,4.63816631011831,0.2746840973570864,0.2746840973570864,0.2746840973570864,0.048892307660747744,0.048892307660747744,0.048892307660747744,0.22579178969633865,0.22579178969633865,0.22579178969633865,0.0,0.0,0.0,4.912850407475396
2025-05-03,4.638413126264104,1.195168005261388,8.447583774550203,4.638413126264104,4.638413126264104,0.1846072218267641,0.1846072218267641,0.1846072218267641,-0.0794390140632234,-0.0794390140632234,-0.0794390140632234,0.2640462358899875,0.2640462358899875,0.2640462358899875,0.0,0.0,0.0,4.823020348090868
2025-05-04,4.6386599424099,1.2402461892539596,8.780231314876785,4.6386599424099,4.6386599424099,0.31551994046786125,0.31551994046786125,0.31551994046786125,0.00868081591261517,0.00868081591261517,0.00868081591261517,0.30683912455524615,0.30683912455524615,0.30683912455524615,0.0,0.0,0.0,4.954179882877761
2025-05-05,4.638906758555694,0.7334464935074302,8.634335609615466,4.638906758555694,4.638906758555694,-0.021082550689707713,-0.021082550689707713,-0.021082550689707713,-0.37358542450509175,-0.37358542450509175,-0.37358542450509175,0.35250287381538403,0.35250287381538403,0.35250287381538403,0.0,0.0,0.0,4.617824207865986
2025-05-06,4.63915357470149,1.5070135879812494,9.268242506455206,4.63915357470149,4.63915357470149,0.5981219991687403,0.5981219991687403,0.5981219991687403,0.19878758658864823,0.19878758658864823,0.19878758658864823,0.39933441258009206,0.39933441258009206,0.39933441258009206,0.0,0.0,0.0,5.237275573870231
2025-05-07,4.6394003908472845,1.2673655643647928,8.718389626739787,4.6394003908472845,4.6394003908472845,0.6130423857598731,0.6130423857598731,0.6130423857598731,0.16739775988639974,0.16739775988639974,0.16739775988639974,0.4456446258734734,0.4456446258734734,0.4456446258734734,0.0,0.0,0.0,5.2524427766071575
2025-05-08,4.6396472069930805,1.3217487479944527,8.856916225712792,4.6396472069930805,4.6396472069930805,0.51907222348417,0.51907222348417,0.51907222348417,0.029265968520027694,0.029265968520027694,0.029265968520027694,0.4898062549641424,0.4898062549641424,0.4898062549641424,0.0,0.0,0.0,5.158719430477251
2025-05-09,4.639894023138875,1.4174676068683567,9.07591595938726,4.639894023138875,4.639894023138875,0.5791913085388296,0.5791913085388296,0.5791913085388296,0.048892307660038076,0.048892307660038076,0.048892307660038076,0.5302990008787916,0.5302990008787916,0.5302990008787916,0.0,0.0,0.0,5.219085331677705
2025-05-10,4.640140839284671,1.4903226378029921,8.9943569700014,4.640140839284671,4.640140839284671,0.48631166405687437,0.48631166405687437,0.48631166405687437,-0.07943901406273214,-0.07943901406273214,-0.07943901406273214,0.5657506781196066,0.5657506781196066,0.5657506781196066,0.0,0.0,0.0,5.126452503341545
2025-05-13,4.640881287722055,1.5704494223513017,9.357604784339376,4.640881287722055,4.640881287722055,0.8298647995388581,0.8298647995388581,0.8298647995388581,0.1987875865894521,0.1987875865894521,0.1987875865894521,0.631077212949406,0.631077212949406,0.631077212949406,0.0,0.0,0.0,5.470746087260913
2025-05-14,4.641128103867851,1.6058427429243973,9.378825363018178,4.641128103867851,4.641128103867851,0.8041413977291154,0.8041413977291154,0.8041413977291154,0.1673977598865715,0.1673977598865715,0.1673977598865715,0.636743637842544,0.636743637842544,0.636743637842544,0.0,0.0,0.0,5.445269501596966
2025-05-15,4.641374920013646,1.592607225226658,9.29119648620133,4.641374920013646,4.641374920013646,0.6630437210111565,0.6630437210111565,0.6630437210111565,0.029265968520744555,0.029265968520744555,0.029265968520744555,0.633777752490412,0.633777752490412,0.633777752490412,0.0,0.0,0.0,5.304418641024802
2025-05-16,4.641621736244543,1.1832861659327756,9.163103433990749,4.641621736244543,4.641621736244543,0.6711226917462162,0.6711226917462162,0.6711226917462162,0.048892307660328524,0.048892307660328524,0.048892307660328524,0.6222303840858877,0.6222303840858877,0.6222303840858877,0.0,0.0,0.0,5.31274442799076
2025-05-18,4.642115368706339,1.4040203926353927,8.828605048785281,4.642115368706339,4.642115368706339,0.5835655990428188,0.5835655990428188,0.5835655990428188,0.008680815912363265,0.008680815912363265,0.008680815912363265,0.5748847831304555,0.5748847831304555,0.5748847831304555,0.0,0.0,0.0,5.225680967749158
2025-05-19,4.642362184937237,0.9753375796152584,8.356875493924692,4.642362184937237,4.642362184937237,0.16684813500802403,0.16684813500802403,0.16684813500802403,-0.37358542450534504,-0.37358542450534504,-0.37358542450534504,0.540433559513369,0.540433559513369,0.540433559513369,0.0,0.0,0.0,4.809210319945262
2025-05-21,4.642855817399032,1.8907552217791068,9.126536783081251,4.642855817399032,4.642855817399032,0.6222947631062533,0.6222947631062533,0.6222947631062533,0.16739775988572506,0.16739775988572506,0.16739775988572506,0.4548970032205283,0.4548970032205283,0.4548970032205283,0.0,0.0,0.0,5.265150580505285
2025-05-22,4.64310263362993,1.247582804992899,9.087967813645932,4.64310263362993,4.64310263362993,0.43554071050458515,0.43554071050458515,0.43554071050458515,0.02926596851922129,0.02926596851922129,0.02926596851922129,0.40627474198536384,0.40627474198536384,0.40627474198536384,0.0,0.0,0.0,5.078643344134515
2025-05-23,4.643349449860827,1.2831088395500339,9.101313740497751,4.643349449860827,4.643349449860827,0.40447441887566815,0.40447441887566815,0.40447441887566815,0.048892307660618986,0.048892307660618986,0.048892307660618986,0.35558211121504923,0.35558211121504923,0.35558211121504923,0.0,0.0,0.0,5.047823868736495
2025-05-24,4.643596266091725,1.204580191836111,8.590993326848146,4.643596266091725,4.643596266091725,0.22483712353684088,0.22483712353684088,0.22483712353684088,-0.07943901406291792,-0.07943901406291792,-0.07943901406291792,0.3042761375997588,0.3042761375997588,0.3042761375997588,0.0,0.0,0.0,4.868433389628566
2025-05-26,4.64408989855352,0.671726606031819,8.255062671128902,4.64408989855352,4.64408989855352,-0.16789339144253104,-0.16789339144253104,-0.16789339144253104,-0.373585424505446,-0.373585424505446,-0.373585424505446,0.20569203306291492,0.20569203306291492,0.20569203306291492,0.0,0.0,0.0,4.476196507110989
2025-05-27,4.6443367147844175,0.9374605661930066,8.996678044071826,4.6443367147844175,4.6443367147844175,0.3600309876229214,0.3600309876229214,0.3600309876229214,0.19878758658824305,0.19878758658824305,0.19878758658824305,0.16124340103467835,0.16124340103467835,0.16124340103467835,0.0,0.0,0.0,5.004367702407339
2025-05-29,4.644830347246213,0.9930395704113513,8.478207063316063,4.644830347246213,4.644830347246213,0.11764821835177783,0.11764821835177783,0.11764821835177783,0.02926596851993815,0.02926596851993815,0.02926596851993815,0.08838224983183968,0.08838224983183968,0.08838224983183968,0.0,0.0,0.0,4.76247856559799
2025-05-30,4.645077163477111,0.8365935722544918,8.724556062562456,4.645077163477111,4.645077163477111,0.1109643189848008,0.1109643189848008,0.1109643189848008,0.048892307661563786,0.048892307661563786,0.048892307661563786,0.06207201132323702,0.06207201132323702,0.06207201132323702,0.0,0.0,0.0,4.756041482461911
2025-05-31,4.645323979708009,0.8514466752451285,8.343375950976782,4.645323979708009,4.645323979708009,-0.035840970417815594,-0.035840970417815594,-0.035840970417815594,-0.07943901406310878,-0.07943901406310878,-0.07943901406310878,0.04359804364529318,0.04359804364529318,0.04359804364529318,0.0,0.0,0.0,4.6094830092901935
2025-06-01,4.645570795938906,0.9293844893954598,8.416612334747722,4.645570795938906,4.645570795938906,0.04218983318924344,0.04218983318924344,0.04218983318924344,0.008680815911882396,0.008680815911882396,0.008680815911882396,0.03350901727736105,0.03350901727736105,0.03350901727736105,0.0,0.0,0.0,4.6877606291281495
2025-06-02,4.645817612169804,0.437644569450122,8.157370807519886,4.645817612169804,4.645817612169804,-0.3414657925116994,-0.3414657925116994,-0.3414657925116994,-0.3735854245050079,-0.3735854245050079,-0.3735854245050079,0.032119631993308556,0.032119631993308556,0.032119631993308556,0.0,0.0,0.0,4.3043518196581045
2025-06-03,4.6460644284007016,1.2479888941180552,8.802824388314084,4.6460644284007016,4.6460644284007016,0.238289389755944,0.238289389755944,0.238289389755944,0.1987875865876178,0.1987875865876178,0.1987875865876178,0.039501803168326216,0.039501803168326216,0.039501803168326216,0.0,0.0,0.0,4.8843538181566455
2025-06-05,4.646558060862497,1.0750682000497038,8.664901701439112,4.646558060862497,4.646558060862497,0.10891252726709731,0.10891252726709731,0.10891252726709731,0.029265968519534946,0.029265968519534946,0.029265968519534946,0.07964655874756237,0.07964655874756237,0.07964655874756237,0.0,0.0,0.0,4.755470588129595
2025-06-06,4.646804877093395,0.9033710773000206,8.598637308065669,4.646804877093395,4.646804877093395,0.16024158464961005,0.16024158464961005,0.16024158464961005,0.04889230766085409,0.04889230766085409,0.04889230766085409,0.11134927698875596,0.11134927698875596,0.11134927698875596,0.0,0.0,0.0,4.807046461743004
2025-06-08,4.64729850949059,0.7985794458028163,8.948669462861071,4.64729850949059,4.64729850949059,0.2024163592299039,0.2024163592299039,0.2024163592299039,0.008680815911756443,0.008680815911756443,0.008680815911756443,0.19373554331814744,0.19373554331814744,0.19373554331814744,0.0,0.0,0.0,4.849714868720494
2025-06-09,4.647545325689188,0.7309748281173329,8.38639366424481,4.647545325689188,4.647545325689188,-0.13144061258385883,-0.13144061258385883,-0.13144061258385883,-0.37358542450510884,-0.37358542450510884,-0.37358542450510884,0.24214481192125006,0.24214481192125006,0.24214481192125006,0.0,0.0,0.0,4.516104713105329
2025-06-10,4.647792141887785,1.018899475231486,8.945749866172372,4.647792141887785,4.647792141887785,0.4923882202327796,0.4923882202327796,0.4923882202327796,0.19878758658842163,0.19878758658842163,0.19878758658842163,0.2936006336443579,0.2936006336443579,0.2936006336443579,0.0,0.0,0.0,5.140180362120565
2025-06-11,4.648038958086383,1.403586389565144,8.713038007166164,4.648038958086383,4.648038958086383,0.5140404431521381,0.5140404431521381,0.5140404431521381,0.167397759886571,0.167397759886571,0.167397759886571,0.34664268326556713,0.34664268326556713,0.34664268326556713,0.0,0.0,0.0,5.162079401238522
2025-06-13,4.648532590483578,1.4134818916650993,9.188803818565384,4.648532590483578,4.648532590483578,0.5002391198813284,0.5002391198813284,0.5002391198813284,0.048892307661144566,0.048892307661144566,0.048892307661144566,0.4513468122201838,0.4513468122201838,0.4513468122201838,0.0,0.0,0.0,5.148771710364906
2025-06-15,4.649026222880773,1.4763496321219058,8.921922484407444,4.649026222880773,4.649026222880773,0.5525937523420844,0.5525937523420844,0.5525937523420844,0.008680815912611219,0.008680815912611219,0.008680815912611219,0.5439129364294732,0.5439129364294732,0.5439129364294732,0.0,0.0,0.0,5.201619975222857
2025-06-17,4.649519855277968,1.6309029451373165,9.230466419404882,4.649519855277968,4.649519855277968,0.8115124642524885,0.8115124642524885,0.8115124642524885,0.19878758658922555,0.19878758658922555,0.19878758658922555,0.6127248776632629,0.6127248776632629,0.6127248776632629,0.0,0.0,0.0,5.461032319530457
2025-06-18,4.6497666714765655,1.624678447647134,9.198996685837066,4.6497666714765655,4.6497666714765655,0.8024671156122565,0.8024671156122565,0.8024671156122565,0.16739775988572453,0.16739775988572453,0.16739775988572453,0.635069355726532,0.635069355726532,0.635069355726532,0.0,0.0,0.0,5.452233787088822
2025-06-19,4.650013487675163,1.585905934438708,9.246743326721191,4.650013487675163,4.650013487675163,0.6772733789101322,0.6772733789101322,0.6772733789101322,0.029265968519848605,0.029265968519848605,0.029265968519848605,0.6480074103902836,0.6480074103902836,0.6480074103902836,0.0,0.0,0.0,5.327286866585295
2025-06-20,4.650260303873761,1.6117077401813409,9.450421601463582,4.650260303873761,4.650260303873761,0.6996492988197043,0.6996492988197043,0.6996492988197043,0.04889230766008908,0.04889230766008908,0.04889230766008908,0.6507569911596153,0.6507569911596153,0.6507569911596153,0.0,0.0,0.0,5.349909602693465
2025-06-21,4.6505071200723584,1.407033958213832,8.832260963452619,4.6505071200723584,4.6505071200723584,0.5633136668719991,0.5633136668719991,0.5633136668719991,-0.07943901406299919,-0.07943901406299919,-0.07943901406299919,0.6427526809349983,0.6427526809349983,0.6427526809349983,0.0,0.0,0.0,5.213820786944358
2025-06-22,4.650753936270956,1.5499416066586054,9.220026135545659,4.650753936270956,4.650753936270956,0.6323397715428933,0.6323397715428933,0.6323397715428933,0.008680815912485266,0.008680815912485266,0.008680815912485266,0.6236589556304081,0.6236589556304081,0.6236589556304081,0.0,0.0,0.0,5.283093707813849
2025-06-23,4.651000752469554,0.9437879288882481,8.542693030207818,4.651000752469554,4.651000752469554,0.2197926624599338,0.2197926624599338,0.2197926624599338,-0.3735854245053622,-0.3735854245053622,-0.3735854245053622,0.593378086965296,0.593378086965296,0.593378086965296,0.0,0.0,0.0,4.870793414929488
2025-06-24,4.6512475686681505,1.824316250656912,9.170190093433735,4.6512475686681505,4.6512475686681505,0.7508401769440798,0.7508401769440798,0.7508401769440798,0.1987875865893148,0.1987875865893148,0.1987875865893148,0.552052590354765,0.552052590354765,0.552052590354765,0.0,0.0,0.0,5.4020877456122305
2025-06-27,4.651988017263943,1.2340577609031855,8.969685496556412,4.651988017263943,4.651988017263943,0.41563043192874605,0.41563043192874605,0.41563043192874605,0.048892307661379676,0.048892307661379676,0.048892307661379676,0.3667381242673664,0.3667381242673664,0.3667381242673664,0.0,0.0,0.0,5.06761844919269
2025-06-28,4.652234833462542,1.2700099055045544,8.654499301690317,4.652234833462542,4.652234833462542,0.2078125745391816,0.2078125745391816,0.2078125745391816,-0.07943901406250795,-0.07943901406250795,-0.07943901406250795,0.28725158860168953,0.28725158860168953,0.28725158860168953,0.0,0.0,0.0,4.860047408001723
2025-06-29,4.652481649661138,0.9148247634434445,8.682258164520803,4.652481649661138,4.652481649661138,0.2094357785354295,0.2094357785354295,0.2094357785354295,0.00868081591213035,0.00868081591213035,0.00868081591213035,0.20075496262329914,0.20075496262329914,0.20075496262329914,0.0,0.0,0.0,4.861917428196568
2025-07-02,4.653222097766267,0.8216510993123083,8.693066075214434,4.653222097766267,4.653222097766267,0.08067528079072582,0.08067528079072582,0.08067528079072582,0.16739775988606792,0.16739775988606792,0.16739775988606792,-0.08672247909534211,-0.08672247909534211,-0.08672247909534211,0.0,0.0,0.0,4.733897378556993
2025-07-03,4.6534689138013094,0.9155126057392651,8.570839069534074,4.6534689138013094,4.6534689138013094,-0.15743361814809595,-0.15743361814809595,-0.15743361814809595,0.029265968518738507,0.029265968518738507,0.029265968518738507,-0.18669958666683445,-0.18669958666683445,-0.18669958666683445,0.0,0.0,0.0,4.496035295653214
2025-07-04,4.653715729836352,0.842550962665027,8.078847889188237,4.653715729836352,4.653715729836352,-0.23713943897971507,-0.23713943897971507,-0.23713943897971507,0.048892307660669994,0.048892307660669994,0.048892307660669994,-0.28603174664038505,-0.28603174664038505,-0.28603174664038505,0.0,0.0,0.0,4.4165762908566375
2025-07-05,4.653962545871395,0.36730804143996443,8.14910360315082,4.653962545871395,4.653962545871395,-0.4625156507808592,-0.4625156507808592,-0.4625156507808592,-0.07943901406269878,-0.07943901406269878,-0.07943901406269878,-0.38307663671816045,-0.38307663671816045,-0.38307663671816045,0.0,0.0,0.0,4.191446895090536
2025-07-06,4.654209361906438,0.43897679861626987,8.051650165000686,4.654209361906438,4.654209361906438,-0.467550066870741,-0.467550066870741,-0.467550066870741,0.008680815912233419,0.008680815912233419,0.008680815912233419,-0.47623088278297443,-0.47623088278297443,-0.47623088278297443,0.0,0.0,0.0,4.186659295035697
2025-07-07,4.654456177941481,-0.21089469798176366,7.5067960817441115,4.654456177941481,4.654456177941481,-0.9375465735041201,-0.9375465735041201,-0.9375465735041201,-0.37358542450502513,-0.37358542450502513,-0.37358542450502513,-0.5639611489990949,-0.5639611489990949,-0.5639611489990949,0.0,0.0,0.0,3.716909604437361
2025-07-08,4.654702993976523,0.2781174823953494,8.0495840053706,4.654702993976523,4.654702993976523,-0.44604572346300275,-0.44604572346300275,-0.44604572346300275,0.19878758658810577,0.19878758658810577,0.19878758658810577,-0.6448333100511086,-0.6448333100511086,-0.6448333100511086,0.0,0.0,0.0,4.20865727051352
2025-07-09,4.6549498100115665,0.2626050866013587,7.795055431609929,4.6549498100115665,4.6549498100115665,-0.5501413877019676,-0.5501413877019676,-0.5501413877019676,0.1673977598852215,0.1673977598852215,0.1673977598852215,-0.7175391475871892,-0.7175391475871892,-0.7175391475871892,0.0,0.0,0.0,4.104808422309599
2025-07-10,4.655196626046608,0.04010670979908977,7.824226067572447,4.655196626046608,4.655196626046608,-0.7516541156178489,-0.7516541156178489,-0.7516541156178489,0.029265968519455367,0.029265968519455367,0.029265968519455367,-0.7809200841373042,-0.7809200841373042,-0.7809200841373042,0.0,0.0,0.0,3.9035425104287595
2025-07-12,4.655690258116694,-0.09185504047099505,7.305306669554302,4.655690258116694,4.655690258116694,-0.9553786528244762,-0.9553786528244762,-0.9553786528244762,-0.07943901406201163,-0.07943901406201163,-0.07943901406201163,-0.8759396387624647,-0.8759396387624647,-0.8759396387624647,0.0,0.0,0.0,3.700311605292218
2025-07-13,4.655937074151738,-0.08935147032706957,7.803290260962089,4.655937074151738,4.655937074151738,-0.8974930658206578,-0.8974930658206578,-0.8974930658206578,0.008680815912859173,0.008680815912859173,0.008680815912859173,-0.906173881733517,-0.906173881733517,-0.906173881733517,0.0,0.0,0.0,3.75844400833108
2025-07-14,4.65618389018678,-0.2099790906326182,7.11321294811415,4.65618389018678,4.65618389018678,-1.2978813129185356,-1.2978813129185356,-1.2978813129185356,-0.37358542450485654,-0.37358542450485654,-0.37358542450485654,-0.924295888413679,-0.924295888413679,-0.924295888413679,0.0,0.0,0.0,3.358302577268244
2025-07-16,4.6566775222568655,-0.07122463543776966,7.58598688779506,4.6566775222568655,4.6566775222568655,-0.7562914923158444,-0.7562914923158444,-0.7562914923158444,0.16739775988539318,0.16739775988539318,0.16739775988539318,-0.9236892522012377,-0.9236892522012377,-0.9236892522012377,0.0,0.0,0.0,3.9003860299410213
2025-07-17,4.656924338291909,-0.09593384709597215,7.522075587467071,4.656924338291909,4.656924338291909,-0.8759668156447858,-0.8759668156447858,-0.8759668156447858,0.02926596851986854,0.02926596851986854,0.02926596851986854,-0.9052327841646545,-0.9052327841646545,-0.9052327841646545,0.0,0.0,0.0,3.7809575226471233
2025-07-19,4.657417970361995,0.1823148097078057,7.396049895453058,4.657417970361995,4.657417970361995,-0.9136568289536139,-0.9136568289536139,-0.9136568289536139,-0.07943901406288456,-0.07943901406288456,-0.07943901406288456,-0.8342178148907293,-0.8342178148907293,-0.8342178148907293,0.0,0.0,0.0,3.743761141408381
2025-07-20,4.657664786397037,-0.004635167677256073,7.652187548914396,4.657664786397037,4.657664786397037,-0.7744242612758112,-0.7744242612758112,-0.7744242612758112,0.008680815912962242,0.008680815912962242,0.008680815912962242,-0.7831050771887734,-0.7831050771887734,-0.7831050771887734,0.0,0.0,0.0,3.8832405251212254
2025-07-21,4.657911602432081,-0.13660526182199045,7.3035300491359285,4.657911602432081,4.657911602432081,-1.096416310495141,-1.096416310495141,-1.096416310495141,-0.3735854245049575,-0.3735854245049575,-0.3735854245049575,-0.7228308859901834,-0.7228308859901834,-0.7228308859901834,0.0,0.0,0.0,3.5614952919369394
2025-07-22,4.658158439839485,0.3404684854191048,8.02229056615278,4.658158439839485,4.658158439839485,-0.4557198307446097,-0.4557198307446097,-0.4557198307446097,0.19878758658899887,0.19878758658899887,0.19878758658899887,-0.6545074173336086,-0.6545074173336086,-0.6545074173336086,0.0,0.0,0.0,4.202438609094876
2025-07-24,4.658652114654295,0.44973828023855333,8.073209808586263,4.658652114654295,4.658652114654295,-0.4694675017929202,-0.4694675017929202,-0.4694675017929202,0.029265968520585398,0.029265968520585398,0.029265968520585398,-0.4987334703135055,-0.4987334703135055,-0.4987334703135055,0.0,0.0,0.0,4.189184612861375
2025-07-25,4.6588989520616995,0.6168988139519456,8.070579655633225,4.6588989520616995,4.6588989520616995,-0.3651165337737932,-0.3651165337737932,-0.3651165337737932,0.04889230766154137,0.04889230766154137,0.04889230766154137,-0.4140088414353346,-0.4140088414353346,-0.4140088414353346,0.0,0.0,0.0,4.293782418287906
2025-07-26,4.659145789469104,0.6182973736217027,8.10061820118923,4.659145789469104,4.659145789469104,-0.40607635542143633,-0.40607635542143633,-0.40607635542143633,-0.07943901406239331,-0.07943901406239331,-0.07943901406239331,-0.326637341359043,-0.326637341359043,-0.326637341359043,0.0,0.0,0.0,4.253069434047668
2025-07-31,4.660379976506128,1.109516056458161,8.444179643285295,4.660379976506128,4.660379976506128,0.1284870293238825,0.1284870293238825,0.1284870293238825,0.029265968519062133,0.029265968519062133,0.029265968519062133,0.09922106080482036,0.09922106080482036,0.09922106080482036,0.0,0.0,0.0,4.788867005830011
2025-08-01,4.660626813913533,1.1642700528716101,8.628420940598977,4.660626813913533,4.660626813913533,0.22152335967155587,0.22152335967155587,0.22152335967155587,0.04889230766083172,0.04889230766083172,0.04889230766083172,0.17263105201072415,0.17263105201072415,0.17263105201072415,0.0,0.0,0.0,4.882150173585089
2025-08-02,4.660873651320937,0.859834503994423,8.582178542925348,4.660873651320937,4.660873651320937,0.15987031244641445,0.15987031244641445,0.15987031244641445,-0.07943901406258416,-0.07943901406258416,-0.07943901406258416,0.23930932650899864,0.23930932650899864,0.23930932650899864,0.0,0.0,0.0,4.8207439637673515
2025-08-03,4.6611204887283435,1.3174329623628198,8.883057396852237,4.6611204887283435,4.6611204887283435,0.306961281401149,0.306961281401149,0.306961281401149,0.008680815912252351,0.008680815912252351,0.008680815912252351,0.29828046548889664,0.29828046548889664,0.29828046548889664,0.0,0.0,0.0,4.968081770129492
2025-08-04,4.661367326135748,0.6871903020480771,8.514521266602857,4.661367326135748,4.661367326135748,-0.024874023104373318,-0.024874023104373318,-0.024874023104373318,-0.3735854245054802,-0.3735854245054802,-0.3735854245054802,0.3487114014011069,0.3487114014011069,0.3487114014011069,0.0,0.0,0.0,4.636493303031375
2025-08-05,4.6616141635431525,1.1936653152470613,9.09294430589433,4.6616141635431525,4.6616141635431525,0.5887103025953969,0.5887103025953969,0.5887103025953969,0.19878758658917747,0.19878758658917747,0.19878758658917747,0.38992271600621947,0.38992271600621947,0.38992271600621947,0.0,0.0,0.0,5.250324466138549
2025-08-07,4.662107838357962,1.5669573100094967,9.22478829256455,4.662107838357962,4.662107838357962,0.4720521575620582,0.4720521575620582,0.4720521575620582,0.02926596851977899,0.02926596851977899,0.02926596851977899,0.44278618904227923,0.44278618904227923,0.44278618904227923,0.0,0.0,0.0,5.134159995920021
2025-08-09,4.662601513172772,1.2311550945506915,8.675990876394174,4.662601513172772,4.662601513172772,0.3753295793631472,0.3753295793631472,0.3753295793631472,-0.079439014062775,-0.079439014062775,-0.079439014062775,0.4547685934259222,0.4547685934259222,0.4547685934259222,0.0,0.0,0.0,5.03793109253592
2025-08-10,4.662848350580177,1.606079623515232,8.937668233678343,4.662848350580177,4.662848350580177,0.454200826749849,0.454200826749849,0.454200826749849,0.00868081591235542,0.00868081591235542,0.00868081591235542,0.44552001083749354,0.44552001083749354,0.44552001083749354,0.0,0.0,0.0,5.117049177330026
2025-08-11,4.663095187987581,0.9274001177555421,8.487386867142272,4.663095187987581,4.663095187987581,0.052908932600954084,0.052908932600954084,0.052908932600954084,-0.37358542450504223,-0.37358542450504223,-0.37358542450504223,0.4264943571059963,0.4264943571059963,0.4264943571059963,0.0,0.0,0.0,4.7160041205885355
2025-08-12,4.663342025394987,1.4757359190244834,9.26388663079196,4.663342025394987,4.663342025394987,0.5969645036753422,0.5969645036753422,0.5969645036753422,0.19878758658998139,0.19878758658998139,0.19878758658998139,0.39817691708536085,0.39817691708536085,0.39817691708536085,0.0,0.0,0.0,5.260306529070329
2025-08-13,4.663588862802391,1.3950645189838229,9.096941917608149,4.663588862802391,4.663588862802391,0.5285979503078222,0.5285979503078222,0.5285979503078222,0.16739775988674166,0.16739775988674166,0.16739775988674166,0.36120019042108065,0.36120019042108065,0.36120019042108065,0.0,0.0,0.0,5.192186813110213
2025-08-14,4.663835700209796,1.1411508336800427,8.837753705985351,4.663835700209796,4.663835700209796,0.3455977951723435,0.3455977951723435,0.3455977951723435,0.029265968520495855,0.029265968520495855,0.029265968520495855,0.3163318266518476,0.3163318266518476,0.3163318266518476,0.0,0.0,0.0,5.009433495382139
2025-08-16,4.664329375107494,0.8519655592282326,8.25755726907167,4.664329375107494,4.664329375107494,0.1271412107086951,0.1271412107086951,0.1271412107086951,-0.07943901406276994,-0.07943901406276994,-0.07943901406276994,0.20658022477146504,0.20658022477146504,0.20658022477146504,0.0,0.0,0.0,4.791470585816189
2025-08-17,4.664576212556344,0.8199643546158307,8.687662717460016,4.664576212556344,4.664576212556344,0.15245332951134088,0.15245332951134088,0.15245332951134088,0.008680815912000475,0.008680815912000475,0.008680815912000475,0.1437725135993404,0.1437725135993404,0.1437725135993404,0.0,0.0,0.0,4.817029542067686
2025-08-18,4.664823050005194,0.7551570085908393,8.095979413720475,4.664823050005194,4.664823050005194,-0.29639737991368403,-0.29639737991368403,-0.29639737991368403,-0.3735854245051432,-0.3735854245051432,-0.3735854245051432,0.07718804459145914,0.07718804459145914,0.07718804459145914,0.0,0.0,0.0,4.36842567009151
2025-08-20,4.665316724902892,0.9548541974870701,8.493007127339656,4.665316724902892,4.665316724902892,0.10491500240953343,0.10491500240953343,0.10491500240953343,0.1673977598858952,0.1673977598858952,0.1673977598858952,-0.06248275747636176,-0.06248275747636176,-0.06248275747636176,0.0,0.0,0.0,4.770231727312425
2025-08-21,4.665563562351742,0.6589562483635443,8.263440575894784,4.665563562351742,4.665563562351742,-0.10383775014596687,-0.10383775014596687,-0.10383775014596687,0.02926596851897259,0.02926596851897259,0.02926596851897259,-0.13310371866493945,-0.13310371866493945,-0.13310371866493945,0.0,0.0,0.0,4.561725812205775
2025-08-23,4.666057237249441,0.3080521742991922,8.23146102895647,4.666057237249441,4.666057237249441,-0.3492580195032805,-0.3492580195032805,-0.3492580195032805,-0.0794390140629608,-0.0794390140629608,-0.0794390140629608,-0.2698190054403197,-0.2698190054403197,-0.2698190054403197,0.0,0.0,0.0,4.31679921774616
2025-08-24,4.6663040746982904,0.6880414936441049,8.051501668066576,4.6663040746982904,4.6663040746982904,-0.3249062082074502,-0.3249062082074502,-0.3249062082074502,0.008680815912855222,0.008680815912855222,0.008680815912855222,-0.33358702412030544,-0.33358702412030544,-0.33358702412030544,0.0,0.0,0.0,4.341397866490841
2025-08-25,4.666550912147139,0.19255305330272415,7.737790945086484,4.666550912147139,4.666550912147139,-0.7664386252005322,-0.7664386252005322,-0.7664386252005322,-0.3735854245052442,-0.3735854245052442,-0.3735854245052442,-0.3928532006952881,-0.3928532006952881,-0.3928532006952881,0.0,0.0,0.0,3.900112286946607
2025-08-26,4.666797749595989,0.7306387330503278,8.32196415100066,4.666797749595989,4.666797749595989,-0.24785751100129005,-0.24785751100129005,-0.24785751100129005,0.1987875865887723,0.1987875865887723,0.1987875865887723,-0.4466450975900624,-0.4466450975900624,-0.4466450975900624,0.0,0.0,0.0,4.418940238594699
2025-08-27,4.667044587044838,0.5578617818780696,8.037643588972998,4.667044587044838,4.667044587044838,-0.3266998217403325,-0.3266998217403325,-0.3266998217403325,0.16739775988606692,0.16739775988606692,0.16739775988606692,-0.49409758162639944,-0.49409758162639944,-0.49409758162639944,0.0,0.0,0.0,4.340344765304506
2025-08-28,4.667291424493687,0.5220324657736104,7.915173630153478,4.667291424493687,4.667291424493687,-0.5052014239829197,-0.5052014239829197,-0.5052014239829197,0.029265968519689448,0.029265968519689448,0.029265968519689448,-0.5344673925026091,-0.5344673925026091,-0.5344673925026091,0.0,0.0,0.0,4.1620900005107675
2025-08-29,4.667538261942537,0.357344096517238,7.91422462223386,4.667538261942537,4.667538261942537,-0.5182532916692433,-0.5182532916692433,-0.5182532916692433,0.048892307660647595,0.048892307660647595,0.048892307660647595,-0.567145599329891,-0.567145599329891,-0.567145599329891,0.0,0.0,0.0,4.149284970273294
2025-08-30,4.667785099391386,0.35761284288518136,7.740407499687642,4.667785099391386,4.667785099391386,-0.6711067154005655,-0.6711067154005655,-0.6711067154005655,-0.07943901406315167,-0.07943901406315167,-0.07943901406315167,-0.5916677013374138,-0.5916677013374138,-0.5916677013374138,0.0,0.0,0.0,3.9966783839908206
2025-08-31,4.668031936840236,0.09443117294550653,7.847470271517908,4.668031936840236,4.668031936840236,-0.5990403468469353,-0.5990403468469353,-0.5990403468469353,0.008680815912500306,0.008680815912500306,0.008680815912500306,-0.6077211627594357,-0.6077211627594357,-0.6077211627594357,0.0,0.0,0.0,4.0689915899933
2025-09-02,4.668525611737934,0.2975932385922499,8.320224672968752,4.668525611737934,4.668525611737934,-0.41517018773283754,-0.41517018773283754,-0.41517018773283754,0.19878758658814702,0.19878758658814702,0.19878758658814702,-0.6139577743209845,-0.6139577743209845,-0.6139577743209845,0.0,0.0,0.0,4.253355424005097
2025-09-03,4.668772449186784,0.19948508566643233,8.266640665791307,4.668772449186784,4.668772449186784,-0.43690671573231593,-0.43690671573231593,-0.43690671573231593,0.16739775988623862,0.16739775988623862,0.16739775988623862,-0.6043044756185545,-0.6043044756185545,-0.6043044756185545,0.0,0.0,0.0,4.231865733454469
2025-09-06,4.669512961533332,0.10137488347685293,7.909402827528933,4.669512961533332,4.669512961533332,-0.6078864132080892,-0.6078864132080892,-0.6078864132080892,-0.07943901406266038,-0.07943901406266038,-0.07943901406266038,-0.5284473991454288,-0.5284473991454288,-0.5284473991454288,0.0,0.0,0.0,4.061626548325243
2025-09-08,4.67000663643103,0.04506725299548713,7.770403729009108,4.67000663643103,4.67000663643103,-0.8186291086005096,-0.8186291086005096,-0.8186291086005096,-0.3735854245049071,-0.3735854245049071,-0.3735854245049071,-0.44504368409560247,-0.44504368409560247,-0.44504368409560247,0.0,0.0,0.0,3.851377527830521
2025-09-09,4.67025347387988,0.5288044669977788,7.951202179262436,4.67025347387988,4.67025347387988,-0.1971826901688473,-0.1971826901688473,-0.1971826901688473,0.19878758658756324,0.19878758658756324,0.19878758658756324,-0.3959702767564105,-0.3959702767564105,-0.3959702767564105,0.0,0.0,0.0,4.473070783711033
2025-09-10,4.67050031132873,0.9917967492827943,8.414768614145157,4.67050031132873,4.67050031132873,-0.17589228297117424,-0.17589228297117424,-0.17589228297117424,0.16739775988641026,0.16739775988641026,0.16739775988641026,-0.3432900428575845,-0.3432900428575845,-0.3432900428575845,0.0,0.0,0.0,4.494608028357555
2025-09-11,4.670747148777579,0.6902438322265974,8.305125674736114,4.670747148777579,4.670747148777579,-0.2587892113730278,-0.2587892113730278,-0.2587892113730278,0.02926596852081948,0.02926596852081948,0.02926596852081948,-0.28805517989384727,-0.28805517989384727,-0.28805517989384727,0.0,0.0,0.0,4.4119579374045514
2025-09-12,4.670993986226429,0.777971741068382,8.220566570187968,4.670993986226429,4.670993986226429,-0.18245706453175747,-0.18245706453175747,-0.18245706453175747,0.04889230766088272,0.04889230766088272,0.04889230766088272,-0.2313493721926402,-0.2313493721926402,-0.2313493721926402,0.0,0.0,0.0,4.4885369216946716
2025-09-13,4.671240823675277,0.46696751675223164,8.192699280081147,4.671240823675277,4.671240823675277,-0.2537044990470713,-0.2537044990470713,-0.2537044990470713,-0.07943901406353332,-0.07943901406353332,-0.07943901406353332,-0.17426548498353794,-0.17426548498353794,-0.17426548498353794,0.0,0.0,0.0,4.417536324628206
2025-09-14,4.671487661124127,0.9088165760139519,8.527312319661126,4.671487661124127,4.671487661124127,-0.10920225107394203,-0.10920225107394203,-0.10920225107394203,0.0086808159122484,0.0086808159122484,0.0086808159122484,-0.11788306698619043,-0.11788306698619043,-0.11788306698619043,0.0,0.0,0.0,4.562285410050185
2025-09-15,4.671734498572977,0.4292954570243363,8.194635766584074,4.671734498572977,4.671734498572977,-0.4368315754866641,-0.4368315754866641,-0.4368315754866641,-0.37358542450532883,-0.37358542450532883,-0.37358542450532883,-0.06324615098133526,-0.06324615098133526,-0.06324615098133526,0.0,0.0,0.0,4.234902923086313
2025-09-16,4.671981336021826,1.047060019918406,8.736295724796797,4.671981336021826,4.671981336021826,0.1874457393721431,0.1874457393721431,0.1874457393721431,0.19878758658765253,0.19878758658765253,0.19878758658765253,-0.011341847215509435,-0.011341847215509435,-0.011341847215509435,0.0,0.0,0.0,4.8594270753939695
2025-09-17,4.672228173470676,1.0080358823427846,8.671027087145236,4.672228173470676,4.672228173470676,0.20431754159862048,0.20431754159862048,0.20431754159862048,0.16739775988556388,0.16739775988556388,0.16739775988556388,0.0369197817130566,0.0369197817130566,0.0369197817130566,0.0,0.0,0.0,4.876545715069296
2025-09-18,4.672475010919525,1.0844854538498179,8.730671519265217,4.672475010919525,4.672475010919525,0.10999006248254374,0.10999006248254374,0.10999006248254374,0.029265968520416276,0.029265968520416276,0.029265968520416276,0.08072409396212746,0.08072409396212746,0.08072409396212746,0.0,0.0,0.0,4.782465073402069
2025-09-19,4.672721848368374,0.9093228533988967,8.853055838425924,4.672721848368374,4.672721848368374,0.16826035685151755,0.16826035685151755,0.16826035685151755,0.04889230766017302,0.04889230766017302,0.04889230766017302,0.11936804919134454,0.11936804919134454,0.11936804919134454,0.0,0.0,0.0,4.840982205219891
2025-09-20,4.6729686858172235,0.5429509064166037,8.155265675165772,4.6729686858172235,4.6729686858172235,0.07283478447188166,0.07283478447188166,0.07283478447188166,-0.07943901406284617,-0.07943901406284617,-0.07943901406284617,0.15227379853472783,0.15227379853472783,0.15227379853472783,0.0,0.0,0.0,4.745803470289105
2025-09-21,4.673215523266072,1.0694918583515118,8.490430570506598,4.673215523266072,4.673215523266072,0.1876801544545388,0.1876801544545388,0.1876801544545388,0.008680815912122476,0.008680815912122476,0.008680815912122476,0.17899933854241634,0.17899933854241634,0.17899933854241634,0.0,0.0,0.0,4.860895677720611
2025-09-23,4.673709198163772,1.4332400301016701,9.035239935384173,4.673709198163772,4.673709198163772,0.41164977999042035,0.41164977999042035,0.41164977999042035,0.19878758658845644,0.19878758658845644,0.19878758658845644,0.21286219340196394,0.21286219340196394,0.21286219340196394,0.0,0.0,0.0,5.085358978154193
2025-09-24,4.673956035612621,0.9014577437239342,8.791557648671242,4.673956035612621,4.673956035612621,0.3872421485542603,0.3872421485542603,0.3872421485542603,0.1673977598867537,0.1673977598867537,0.1673977598867537,0.2198443886675066,0.2198443886675066,0.2198443886675066,0.0,0.0,0.0,5.061198184166881
2025-09-25,4.67420287306147,1.184138384196033,8.740863711222827,4.67420287306147,4.67420287306147,0.24959940943372944,0.24959940943372944,0.24959940943372944,0.029265968520013074,0.029265968520013074,0.029265968520013074,0.22033344091371632,0.22033344091371632,0.22033344091371632,0.0,0.0,0.0,4.9238022824952
2025-09-26,4.67444971051032,0.898978369417794,8.925698986406653,4.67444971051032,4.67444971051032,0.26350046059987586,0.26350046059987586,0.26350046059987586,0.04889230766146362,0.04889230766146362,0.04889230766146362,0.21460815293841223,0.21460815293841223,0.21460815293841223,0.0,0.0,0.0,4.937950171110196
2025-09-27,4.674696547959169,0.6289736474979143,8.677120337211633,4.674696547959169,4.674696547959169,0.12363609031386834,0.12363609031386834,0.12363609031386834,-0.07943901406303701,-0.07943901406303701,-0.07943901406303701,0.20307510437690535,0.20307510437690535,0.20307510437690535,0.0,0.0,0.0,4.798332638273037
2025-09-28,4.674943385408019,1.0038313927938776,8.890037758691694,4.674943385408019,4.674943385408019,0.194936159107402,0.194936159107402,0.194936159107402,0.00868081591176756,0.00868081591176756,0.00868081591176756,0.18625534319563444,0.18625534319563444,0.18625534319563444,0.0,0.0,0.0,4.869879544515421
2025-09-29,4.675190222856868,0.7505372346532171,8.176033828595974,4.675190222856868,4.675190222856868,-0.20881722442398687,-0.20881722442398687,-0.20881722442398687,-0.37358542450499177,-0.37358542450499177,-0.37358542450499177,0.1647682000810049,0.1647682000810049,0.1647682000810049,0.0,0.0,0.0,4.466372998432881
2025-09-30,4.675437060305717,1.0712383898174898,8.537027932392482,4.675437060305717,4.675437060305717,0.33810020633556115,0.33810020633556115,0.33810020633556115,0.19878758658926027,0.19878758658926027,0.19878758658926027,0.13931261974630085,0.13931261974630085,0.13931261974630085,0.0,0.0,0.0,5.013537266641278
2025-10-01,4.675683897754567,1.221854558726654,8.609207816670223,4.675683897754567,4.675683897754567,0.27804423566525815,0.27804423566525815,0.27804423566525815,0.16739775988623806,0.16739775988623806,0.16739775988623806,0.1106464757790201,0.1106464757790201,0.1106464757790201,0.0,0.0,0.0,4.953728133419825
2025-10-03,4.676177572652265,0.9495501655751193,8.856274701269031,4.676177572652265,4.676177572652265,0.09576699767669736,0.09576699767669736,0.09576699767669736,0.04889230766075397,0.04889230766075397,0.04889230766075397,0.046874690015943396,0.046874690015943396,0.046874690015943396,0.0,0.0,0.0,4.771944570328962
2025-10-04,4.676424410101116,0.8890978882923787,8.308042801345335,4.676424410101116,4.676424410101116,-0.06606305990168392,-0.06606305990168392,-0.06606305990168392,-0.07943901406254576,-0.07943901406254576,-0.07943901406254576,0.013375954160861857,0.013375954160861857,0.013375954160861857,0.0,0.0,0.0,4.610361350199431
2025-10-05,4.676671247549964,0.5861048363785452,8.438240722394191,4.676671247549964,4.676671247549964,-0.011485130635995438,-0.011485130635995438,-0.011485130635995438,0.0086808159118706,0.0086808159118706,0.0086808159118706,-0.020165946547866038,-0.020165946547866038,-0.020165946547866038,0.0,0.0,0.0,4.665186116913969
2025-10-06,4.676918084998814,0.2559968174592324,8.317344451608859,4.676918084998814,4.676918084998814,-0.4266253711768001,-0.4266253711768001,-0.4266253711768001,-0.37358542450541354,-0.37358542450541354,-0.37358542450541354,-0.053039946671386465,-0.053039946671386465,-0.053039946671386465,0.0,0.0,0.0,4.250292713822014
2025-10-07,4.6771649224476635,0.9364555484848045,8.620198884562681,4.6771649224476635,4.6771649224476635,0.11417735119611311,0.11417735119611311,0.11417735119611311,0.19878758658863496,0.19878758658863496,0.19878758658863496,-0.08461023539252188,-0.08461023539252188,-0.08461023539252188,0.0,0.0,0.0,4.791342273643776
2025-10-09,4.677658597345362,0.6581715561271385,8.05296373638579,4.677658597345362,4.677658597345362,-0.11251356803458273,-0.11251356803458273,-0.11251356803458273,0.029265968520023042,0.029265968520023042,0.029265968520023042,-0.1417795365546058,-0.1417795365546058,-0.1417795365546058,0.0,0.0,0.0,4.565145029310779
2025-10-10,4.677905434794212,0.9395111764676455,8.014898357385938,4.677905434794212,4.677905434794212,-0.11774106060951903,-0.11774106060951903,-0.11774106060951903,0.048892307661044444,0.048892307661044444,0.048892307661044444,-0.16663336827056346,-0.16663336827056346,-0.16663336827056346,0.0,0.0,0.0,4.560164374184693
2025-10-11,4.678152272243061,0.4130883734068796,8.07906392796556,4.678152272243061,4.678152272243061,-0.26815311344159676,-0.26815311344159676,-0.26815311344159676,-0.0794390140620545,-0.0794390140620545,-0.0794390140620545,-0.18871409937954225,-0.18871409937954225,-0.18871409937954225,0.0,0.0,0.0,4.409999158801464
2025-10-12,4.67839910969191,0.44073103230232547,8.328662033728644,4.67839910969191,4.67839910969191,-0.19929374798684674,-0.19929374798684674,-0.19929374798684674,0.008680815912496384,0.008680815912496384,0.008680815912496384,-0.20797456389934316,-0.20797456389934316,-0.20797456389934316,0.0,0.0,0.0,4.479105361705064
2025-10-14,4.678892784589609,0.96877578790105,8.460119544085687,4.678892784589609,4.678892784589609,-0.03973152113885674,-0.03973152113885674,-0.03973152113885674,0.19878758658943887,0.19878758658943887,0.19878758658943887,-0.2385191077282956,-0.2385191077282956,-0.2385191077282956,0.0,0.0,0.0,4.6391612634507515
2025-10-15,4.679139622038458,0.6182781129059394,8.319900747275959,4.679139622038458,4.679139622038458,-0.08296902926301314,-0.08296902926301314,-0.08296902926301314,0.16739775988556332,0.16739775988556332,0.16739775988556332,-0.25036678914857646,-0.25036678914857646,-0.25036678914857646,0.0,0.0,0.0,4.5961705927754455
2025-10-16,4.679386459487308,0.5066608569039034,8.336029084729438,4.679386459487308,4.679386459487308,-0.2312356419513308,-0.2312356419513308,-0.2312356419513308,0.02926596851961984,0.02926596851961984,0.02926596851961984,-0.26050161047095066,-0.26050161047095066,-0.26050161047095066,0.0,0.0,0.0,4.448150817535977
2025-10-19,4.680126971833856,0.7144642179337465,8.073044165251112,4.680126971833856,4.680126971833856,-0.27782838396856807,-0.27782838396856807,-0.27782838396856807,0.008680815912370401,0.008680815912370401,0.008680815912370401,-0.2865091998809385,-0.2865091998809385,-0.2865091998809385,0.0,0.0,0.0,4.402298587865287
2025-10-20,4.680373809282705,0.1188385700185024,7.644223148576148,4.680373809282705,4.680373809282705,-0.6695519434570647,-0.6695519434570647,-0.6695519434570647,-0.37358542450534604,-0.37358542450534604,-0.37358542450534604,-0.2959665189517187,-0.2959665189517187,-0.2959665189517187,0.0,0.0,0.0,4.0108218658256405
2025-10-21,4.680620646731554,0.9377473274454738,8.556154346283632,4.680620646731554,4.680620646731554,-0.10821871262183842,-0.10821871262183842,-0.10821871262183842,0.19878758658952816,0.19878758658952816,0.19878758658952816,-0.3070062992113666,-0.3070062992113666,-0.3070062992113666,0.0,0.0,0.0,4.572401934109715
2025-10-22,4.680867484180404,0.8878321524334275,8.267655798480694,4.680867484180404,4.680867484180404,-0.1529250397112708,-0.1529250397112708,-0.1529250397112708,0.16739775988471692,0.16739775988471692,0.16739775988471692,-0.32032279959598775,-0.32032279959598775,-0.32032279959598775,0.0,0.0,0.0,4.527942444469134
2025-10-24,4.681361159078103,0.908616173900638,8.119810419294826,4.681361159078103,4.681361159078103,-0.3073892315156706,-0.3073892315156706,-0.3073892315156706,0.04889230766127951,0.04889230766127951,0.04889230766127951,-0.3562815391769501,-0.3562815391769501,-0.3562815391769501,0.0,0.0,0.0,4.373971927562432
2025-10-25,4.681607996526952,0.21318800007933533,7.740287416962207,4.681607996526952,4.681607996526952,-0.45939035709358494,-0.45939035709358494,-0.45939035709358494,-0.0794390140624362,-0.0794390140624362,-0.0794390140624362,-0.37995134303114875,-0.37995134303114875,-0.37995134303114875,0.0,0.0,0.0,4.222217639433367
2025-10-27,4.68210167142465,-0.1238573142967313,7.630923258957399,4.68210167142465,4.68210167142465,-0.8139128259852214,-0.8139128259852214,-0.8139128259852214,-0.3735854245051775,-0.3735854245051775,-0.3735854245051775,-0.44032740148004396,-0.44032740148004396,-0.44032740148004396,0.0,0.0,0.0,3.868188845439429
2025-10-28,4.682348508873501,0.6969310535623623,8.159185815997297,4.682348508873501,4.682348508873501,-0.2784576087261949,-0.2784576087261949,-0.2784576087261949,0.19878758658822976,0.19878758658822976,0.19878758658822976,-0.47724519531442466,-0.47724519531442466,-0.47724519531442466,0.0,0.0,0.0,4.403890900147306
2025-10-30,4.682842183771199,0.23033761002548256,7.815985304721333,4.682842183771199,4.682842183771199,-0.534500424427491,-0.534500424427491,-0.534500424427491,0.029265968518813436,0.029265968518813436,0.029265968518813436,-0.5637663929463046,-0.5637663929463046,-0.5637663929463046,0.0,0.0,0.0,4.148341759343708
2025-10-31,4.683089021220049,0.018984372169175378,7.969373518674575,4.683089021220049,4.683089021220049,-0.5636139594663852,-0.5636139594663852,-0.5636139594663852,0.04889230766056986,0.04889230766056986,0.04889230766056986,-0.612506267126955,-0.612506267126955,-0.612506267126955,0.0,0.0,0.0,4.119475061753663
2025-11-01,4.683335858668898,-0.009238653977126875,7.754028117752042,4.683335858668898,4.683335858668898,-0.7434523026481566,-0.7434523026481566,-0.7434523026481566,-0.07943901406262703,-0.07943901406262703,-0.07943901406262703,-0.6640132885855297,-0.6640132885855297,-0.6640132885855297,0.0,0.0,0.0,3.9398835560207415
2025-11-02,4.683582696117747,0.22199833119938187,7.998255818218045,4.683582696117747,4.683582696117747,-0.7087192554829188,-0.7087192554829188,-0.7087192554829188,0.008680815913099254,0.008680815913099254,0.008680815913099254,-0.7174000713960181,-0.7174000713960181,-0.7174000713960181,0.0,0.0,0.0,3.974863440634828
2025-11-03,4.683829533566597,-0.23375398842806455,7.4168968078748945,4.683829533566597,4.683829533566597,-1.145201368185686,-1.145201368185686,-1.145201368185686,-0.37358542450527843,-0.37358542450527843,-0.37358542450527843,-0.7716159436804076,-0.7716159436804076,-0.7716159436804076,0.0,0.0,0.0,3.5386281653809113
2025-11-04,4.684076371015446,0.2754993908483043,8.258873053640622,4.684076371015446,4.684076371015446,-0.6266782337241468,-0.6266782337241468,-0.6266782337241468,0.19878758658831908,0.19878758658831908,0.19878758658831908,-0.8254658203124658,-0.8254658203124658,-0.8254658203124658,0.0,0.0,0.0,4.057398137291299
2025-11-05,4.684323208464296,0.26909013049724406,7.966886788575376,4.684323208464296,4.684323208464296,-0.7102362741158774,-0.7102362741158774,-0.7102362741158774,0.16739775988506028,0.16739775988506028,0.16739775988506028,-0.8776340340009378,-0.8776340340009378,-0.8776340340009378,0.0,0.0,0.0,3.974086934348418
2025-11-06,4.684570045913145,-0.040201243193056395,7.742897925977898,4.684570045913145,4.684570045913145,-0.8974466759870949,-0.8974466759870949,-0.8974466759870949,0.029265968519530294,0.029265968519530294,0.029265968519530294,-0.9267126445066252,-0.9267126445066252,-0.9267126445066252,0.0,0.0,0.0,3.78712336992605
2025-11-08,4.685063720810843,-0.35360633076395853,7.143355341013517,4.685063720810843,4.685063720810843,-1.0891430883539412,-1.0891430883539412,-1.0891430883539412,-0.079439014062622,-0.079439014062622,-0.079439014062622,-1.0097040742913193,-1.0097040742913193,-1.0097040742913193,0.0,0.0,0.0,3.5959206324569024
2025-11-09,4.685310558259694,-0.09490023253288754,7.549125913774029,4.685310558259694,4.685310558259694,-1.031963126160046,-1.031963126160046,-1.031963126160046,0.0086808159129733,0.0086808159129733,0.0086808159129733,-1.0406439420730194,-1.0406439420730194,-1.0406439420730194,0.0,0.0,0.0,3.6533474320996477
2025-11-10,4.685557395708543,-0.7743181909896024,7.256960160194903,4.685557395708543,4.685557395708543,-1.4362102038711329,-1.4362102038711329,-1.4362102038711329,-0.3735854245048404,-0.3735854245048404,-0.3735854245048404,-1.0626247793662924,-1.0626247793662924,-1.0626247793662924,0.0,0.0,0.0,3.2493471918374097
2025-11-11,4.685804233157392,0.022500642605519705,7.571570705651326,4.685804233157392,4.685804233157392,-0.8755214886497408,-0.8755214886497408,-0.8755214886497408,0.198787586589123,0.198787586589123,0.198787586589123,-1.0743090752388638,-1.0743090752388638,-1.0743090752388638,0.0,0.0,0.0,3.8102827445076515
2025-11-12,4.686051070606241,-0.3838486984695521,7.340176910697881,4.686051070606241,4.686051070606241,-0.9070910546824673,-0.9070910546824673,-0.9070910546824673,0.16739775988658095,0.16739775988658095,0.16739775988658095,-1.074488814569048,-1.074488814569048,-1.074488814569048,0.0,0.0,0.0,3.7789600159237735
2025-11-13,4.68629790805509,0.027280319499835975,7.429730398114509,4.68629790805509,4.68629790805509,-1.0328563576178902,-1.0328563576178902,-1.0328563576178902,0.029265968519943463,0.029265968519943463,0.029265968519943463,-1.0621223261378336,-1.0621223261378336,-1.0621223261378336,0.0,0.0,0.0,3.6534415504372
2025-11-14,4.68654474550394,-0.01630330673179214,7.545195392631897,4.68654474550394,4.68654474550394,-0.9874760734643517,-0.9874760734643517,-0.9874760734643517,0.04889230766015064,0.04889230766015064,0.04889230766015064,-1.0363683811245024,-1.0363683811245024,-1.0363683811245024,0.0,0.0,0.0,3.699068672039588
2025-11-15,4.6867915829527895,-0.1900714953493493,7.440355572615994,4.6867915829527895,4.6867915829527895,-1.0760555779223597,-1.0760555779223597,-1.0760555779223597,-0.07943901406281281,-0.07943901406281281,-0.07943901406281281,-0.996616563859547,-0.996616563859547,-0.996616563859547,0.0,0.0,0.0,3.6107360050304296
2025-11-16,4.687038420401639,-0.053674915501987205,7.696566429895683,4.687038420401639,4.687038420401639,-0.9338321940531684,-0.9338321940531684,-0.9338321940531684,0.008680815912847348,0.008680815912847348,0.008680815912847348,-0.9425130099660157,-0.9425130099660157,-0.9425130099660157,0.0,0.0,0.0,3.7532062263484707
2025-11-17,4.687285257850489,-0.5823726655261902,7.185486488671431,4.687285257850489,4.687285257850489,-1.247566130831083,-1.247566130831083,-1.247566130831083,-0.37358542450494137,-0.37358542450494137,-0.37358542450494137,-0.8739807063261417,-0.8739807063261417,-0.8739807063261417,0.0,0.0,0.0,3.439719127019406
2025-11-18,4.687532095299337,0.386086731383237,7.788799416161846,4.687532095299337,4.687532095299337,-0.5924460838781548,-0.5924460838781548,-0.5924460838781548,0.19878758658921228,0.19878758658921228,0.19878758658921228,-0.791233670467367,-0.791233670467367,-0.791233670467367,0.0,0.0,0.0,4.0950860114211824
2025-11-19,4.687778932748187,0.4450475267424078,8.13105766665657,4.687778932748187,4.687778932748187,-0.5273867112494068,-0.5273867112494068,-0.5273867112494068,0.16739775988573452,0.16739775988573452,0.16739775988573452,-0.6947844711351413,-0.6947844711351413,-0.6947844711351413,0.0,0.0,0.0,4.16039222149878
2025-11-20,4.6880257701970365,0.31590796385126135,8.191240505863627,4.6880257701970365,4.6880257701970365,-0.5561787450289882,-0.5561787450289882,-0.5561787450289882,0.02926596851954026,0.02926596851954026,0.02926596851954026,-0.5854447135485286,-0.5854447135485286,-0.5854447135485286,0.0,0.0,0.0,4.131847025168049
2025-11-21,4.688272607645885,0.5223897831247696,8.094126572592662,4.688272607645885,4.688272607645885,-0.41542598042353335,-0.41542598042353335,-0.41542598042353335,0.048892307661441224,0.048892307661441224,0.048892307661441224,-0.4643182880849746,-0.4643182880849746,-0.4643182880849746,0.0,0.0,0.0,4.272846627222352
2025-11-22,4.688519445094736,0.3011555743239443,8.048339532051424,4.688519445094736,4.688519445094736,-0.4122263795107894,-0.4122263795107894,-0.4122263795107894,-0.07943901406300365,-0.07943901406300365,-0.07943901406300365,-0.33278736544778575,-0.33278736544778575,-0.33278736544778575,0.0,0.0,0.0,4.276293065583946
2025-11-23,4.688766282543585,0.8764240581962227,8.046628874236134,4.688766282543585,4.688766282543585,-0.1838104940393833,-0.1838104940393833,-0.1838104940393833,0.008680815912492432,0.008680815912492432,0.008680815912492432,-0.19249130995187574,-0.19249130995187574,-0.19249130995187574,0.0,0.0,0.0,4.504955788504202
2025-11-24,4.689013119992434,0.507415398562319,8.156917738535933,4.689013119992434,4.689013119992434,-0.41888429491215795,-0.41888429491215795,-0.41888429491215795,-0.3735854245053632,-0.3735854245053632,-0.3735854245053632,-0.04529887040679481,-0.04529887040679481,-0.04529887040679481,0.0,0.0,0.0,4.270128825080276
2025-11-26,4.689506794890132,1.1575774641137557,8.91076078072414,4.689506794890132,4.689506794890132,0.42876041131407067,0.42876041131407067,0.42876041131407067,0.16739775988590624,0.16739775988590624,0.16739775988590624,0.26136265142816445,0.26136265142816445,0.26136265142816445,0.0,0.0,0.0,5.1182672062042025
2025-12-03,4.691234657032078,2.038879714835282,10.005950504474848,4.691234657032078,4.691234657032078,1.3867614567085005,1.3867614567085005,1.3867614567085005,0.16739775988607794,0.16739775988607794,0.16739775988607794,1.2193636968224222,1.2193636968224222,1.2193636968224222,0.0,0.0,0.0,6.0779961137405785
2025-12-05,4.691728331929777,2.3717066240537577,9.822109627224572,4.691728331929777,4.691728331929777,1.4369057361254334,1.4369057361254334,1.4369057361254334,0.04889230766067622,0.04889230766067622,0.04889230766067622,1.3880134284647572,1.3880134284647572,1.3880134284647572,0.0,0.0,0.0,6.128634068055211
2025-12-06,4.691975169378627,2.2956922471815746,9.597285126339804,4.691975169378627,4.691975169378627,1.3670340288453424,1.3670340288453424,1.3670340288453424,-0.07943901406250733,-0.07943901406250733,-0.07943901406250733,1.4464730429078498,1.4464730429078498,1.4464730429078498,0.0,0.0,0.0,6.059009198223969
2025-12-07,4.692222006827476,2.3845571429917114,10.21563392064517,4.692222006827476,4.692222006827476,1.4951588208952409,1.4951588208952409,1.4951588208952409,0.008680815912011534,0.008680815912011534,0.008680815912011534,1.4864780049832294,1.4864780049832294,1.4864780049832294,0.0,0.0,0.0,6.187380827722716
2025-12-08,4.692468844276325,1.8341024036136364,9.885308317908462,4.692468844276325,4.692468844276325,1.1339650066684992,1.1339650066684992,1.1339650066684992,-0.3735854245050261,-0.3735854245050261,-0.3735854245050261,1.507550431173525,1.507550431173525,1.507550431173525,0.0,0.0,0.0,5.826433850944825
2025-12-09,4.692715681725176,2.6489173643311292,10.113869676675614,4.692715681725176,4.692715681725176,1.708358976968945,1.708358976968945,1.708358976968945,0.19878758658809248,0.19878758658809248,0.19878758658809248,1.5095713903808523,1.5095713903808523,1.5095713903808523,0.0,0.0,0.0,6.401074658694121
2025-12-10,4.692962519174024,2.4816203099932452,10.062856263921292,4.692962519174024,4.692962519174024,1.6601810401535648,1.6601810401535648,1.6601810401535648,0.16739775988658046,0.16739775988658046,0.16739775988658046,1.4927832802669845,1.4927832802669845,1.4927832802669845,0.0,0.0,0.0,6.353143559327589
2025-12-11,4.693209356622874,2.54210368814591,10.243526212153022,4.693209356622874,4.693209356622874,1.4870496213006317,1.4870496213006317,1.4870496213006317,0.029265968520570777,0.029265968520570777,0.029265968520570777,1.457783652780061,1.457783652780061,1.457783652780061,0.0,0.0,0.0,6.180258977923506
2025-12-13,4.693703031520572,2.2234387990784303,9.544836639667363,4.693703031520572,4.693703031520572,1.2577808221946314,1.2577808221946314,1.2577808221946314,-0.0794390140633803,-0.0794390140633803,-0.0794390140633803,1.3372198362580119,1.3372198362580119,1.3372198362580119,0.0,0.0,0.0,5.951483853715203
2025-12-14,4.693949868969422,2.2664789556689318,9.824370633244218,4.693949868969422,4.693949868969422,1.263135323850367,1.263135323850367,1.263135323850367,0.00868081591188564,0.00868081591188564,0.00868081591188564,1.2544545079384812,1.2544545079384812,1.2544545079384812,0.0,0.0,0.0,5.957085192819789
2025-12-15,4.694196706418271,1.7767610823369229,9.329726132679934,4.694196706418271,4.694196706418271,0.7854221777376315,0.7854221777376315,0.7854221777376315,-0.37358542450512705,-0.37358542450512705,-0.37358542450512705,1.1590076022427585,1.1590076022427585,1.1590076022427585,0.0,0.0,0.0,5.479618884155903
2025-12-16,4.694443543867121,2.201170046978557,9.502568105007343,4.694443543867121,4.694443543867121,1.2516663022581138,1.2516663022581138,1.2516663022581138,0.1987875865881818,0.1987875865881818,0.1987875865881818,1.0528787156699322,1.0528787156699322,1.0528787156699322,0.0,0.0,0.0,5.946109846125235
2025-12-17,4.69469038131597,2.1248329977097296,9.72488172953561,4.69469038131597,4.69469038131597,1.1056235038482813,1.1056235038482813,1.1056235038482813,0.167397759885734,0.167397759885734,0.167397759885734,0.9382257439625472,0.9382257439625472,0.9382257439625472,0.0,0.0,0.0,5.800313885164252
2025-12-19,4.695184056213669,1.7353654347718936,8.781017668643996,4.695184056213669,4.695184056213669,0.7413484771120578,0.7413484771120578,0.7413484771120578,0.04889230766125714,0.04889230766125714,0.04889230766125714,0.6924561694508006,0.6924561694508006,0.6924561694508006,0.0,0.0,0.0,5.436532533325726
2025-12-20,4.695430893662518,1.1191156825320143,8.997121771381106,4.695430893662518,4.695430893662518,0.48652912688208744,0.48652912688208744,0.48652912688208744,-0.07943901406288903,-0.07943901406288903,-0.07943901406288903,0.5659681409449765,0.5659681409449765,0.5659681409449765,0.0,0.0,0.0,5.181960020544605
2025-12-22,4.695924568560217,0.7660953489493638,8.317314936639457,4.695924568560217,4.695924568560217,-0.0565833296581353,-0.0565833296581353,-0.0565833296581353,-0.373585424505228,-0.373585424505228,-0.373585424505228,0.3170020948470927,0.3170020948470927,0.3170020948470927,0.0,0.0,0.0,4.639341238902082
2025-12-24,4.696418243457916,1.1871847349773308,8.565132177717029,4.696418243457916,4.696418243457916,0.2542075876099025,0.2542075876099025,0.2542075876099025,0.16739775988692387,0.16739775988692387,0.16739775988692387,0.08680982772297863,0.08680982772297863,0.08680982772297863,0.0,0.0,0.0,4.950625831067818
2025-12-25,4.696665080906765,0.8617611535984988,8.44480436698251,4.696665080906765,4.696665080906765,0.012283863524858647,0.012283863524858647,0.012283863524858647,0.029265968519764374,0.029265968519764374,0.029265968519764374,-0.016982104994905725,-0.016982104994905725,-0.016982104994905725,0.0,0.0,0.0,4.708948944431624
2025-12-29,4.6976524307021625,0.42015907589732465,7.5489968024021445,4.6976524307021625,4.6976524307021625,-0.7050217766916648,-0.7050217766916648,-0.7050217766916648,-0.37358542450505944,-0.37358542450505944,-0.37358542450505944,-0.33143635218660533,-0.33143635218660533,-0.33143635218660533,0.0,0.0,0.0,3.992630654010498
2025-12-30,4.697899268151012,0.8379599394797953,8.363678812636573,4.697899268151012,4.697899268151012,-0.18381831345716576,-0.18381831345716576,-0.18381831345716576,0.19878758658907494,0.19878758658907494,0.19878758658907494,-0.38260590004624073,-0.38260590004624073,-0.38260590004624073,0.0,0.0,0.0,4.5140809546938465
2025-12-31,4.698146105599862,0.614294836134939,8.56958905276373,4.698146105599862,4.698146105599862,-0.2556338979544558,-0.2556338979544558,-0.2556338979544558,0.1673977598860774,0.1673977598860774,0.1673977598860774,-0.4230316578405332,-0.4230316578405332,-0.4230316578405332,0.0,0.0,0.0,4.4425122076454056
2026-01-04,4.699133455395259,0.326916257235769,7.9336362007625185,4.6991334543331815,4.699133455761077,-0.48569261277901216,-0.48569261277901216,-0.48569261277901216,0.00868081591248848,0.00868081591248848,0.00868081591248848,-0.49437342869150064,-0.49437342869150064,-0.49437342869150064,0.0,0.0,0.0,4.213440842616247
2026-01-11,4.700861317537205,0.18021181984605028,7.997677140165158,4.700861311647946,4.70086132283783,-0.48039931986685075,-0.48039931986685075,-0.48039931986685075,0.008680815912133506,0.008680815912133506,0.008680815912133506,-0.48908013577898424,-0.48908013577898424,-0.48908013577898424,0.0,0.0,0.0,4.220461997670355
2026-01-18,4.70258917967915,0.016430302049006817,7.872332877805015,4.702589167112771,4.702589192156576,-0.690143971570391,-0.690143971570391,-0.690143971570391,0.008680815912007612,0.008680815912007612,0.008680815912007612,-0.6988247874823985,-0.6988247874823985,-0.6988247874823985,0.0,0.0,0.0,4.012445208108759
2026-01-25,4.7043170418210964,-0.002603920984022971,7.34313827189458,4.704317019774857,4.70431706516973,-1.083089676844403,-1.083089676844403,-1.083089676844403,0.008680815911652696,0.008680815911652696,0.008680815911652696,-1.0917704927560554,-1.0917704927560554,-1.0917704927560554,0.0,0.0,0.0,3.6212273649766935
2026-02-01,4.706044903963042,-0.29934664391564847,7.409562955861338,4.706044868750656,4.7060449390906856,-1.0930247798552504,-1.0930247798552504,-1.0930247798552504,0.008680815911526743,0.008680815911526743,0.008680815911526743,-1.1017055957667772,-1.1017055957667772,-1.1017055957667772,0.0,0.0,0.0,3.6130201241077913
2026-02-08,4.707772766104988,0.49179680813296633,8.027896148244206,4.707772716378639,4.7077728125145475,-0.3101650689711427,-0.3101650689711427,-0.3101650689711427,0.008680815912610482,0.008680815912610482,0.008680815912610482,-0.3188458848837532,-0.3188458848837532,-0.3188458848837532,0.0,0.0,0.0,4.397607697133845
2026-02-15,4.709500628246934,1.7829409982622262,9.478108067689547,4.709500561666547,4.7095006906004135,0.8707755333564386,0.8707755333564386,0.8707755333564386,0.008680815912484499,0.008680815912484499,0.008680815912484499,0.862094717443954,0.862094717443954,0.862094717443954,0.0,0.0,0.0,5.580276161603372
2026-02-22,4.711228490388879,2.4332072315444395,9.839345563095197,4.711228408301935,4.711228566332531,1.4728763554601998,1.4728763554601998,1.4728763554601998,0.008680815912129583,0.008680815912129583,0.008680815912129583,1.4641955395480704,1.4641955395480704,1.4641955395480704,0.0,0.0,0.0,6.184104845849079
2026-03-01,4.712956352530825,1.7542279140600485,9.63929842715461,4.712956256667317,4.712956445613395,0.8968327470866135,0.8968327470866135,0.8968327470866135,0.00868081591298433,0.00868081591298433,0.00868081591298433,0.8881519311736292,0.8881519311736292,0.8881519311736292,0.0,0.0,0.0,5.609789099617439
2026-03-08,4.71468421467277,0.6296495052441438,7.860077714603472,4.71468410427449,4.714684323459711,-0.39718484783686187,-0.39718484783686187,-0.39718484783686187,0.008680815912629473,0.008680815912629473,0.008680815912629473,-0.4058656637494914,-0.4058656637494914,-0.4058656637494914,0.0,0.0,0.0,4.317499366835908
2026-03-15,4.716412076814716,-0.36450440288136027,7.1918392937637785,4.716411949227339,4.716412206667304,-1.2672384622061734,-1.2672384622061734,-1.2672384622061734,0.008680815912732454,0.008680815912732454,0.008680815912732454,-1.2759192781189057,-1.2759192781189057,-1.2759192781189057,0.0,0.0,0.0,3.4491736146085428
2026-03-22,4.718139938956662,-0.08589255931036473,7.610014418378553,4.718139795823307,4.718140089213765,-0.9769882724524821,-0.9769882724524821,-0.9769882724524821,0.008680815912377543,0.008680815912377543,0.008680815912377543,-0.9856690883648597,-0.9856690883648597,-0.9856690883648597,0.0,0.0,0.0,3.7411516665041793
